Name,Longitude,Latitude,Elevation (m),Date,ppt (mm),tmin (degrees C),tmean (degrees C),tmax (degrees C)
A01,-122.7419,42.1788,1317,1994,561.39,5.0,9.6,14.1
A01,-122.7419,42.1788,1317,1995,1045.69,5.4,9.8,14.3
A01,-122.7419,42.1788,1317,1996,1201.33,5.2,9.8,14.4
A01,-122.7419,42.1788,1317,1997,751.45,5.2,9.6,14.0
A01,-122.7419,42.1788,1317,1998,1033.33,4.9,9.1,13.2
A01,-122.7419,42.1788,1317,1999,670.52,4.7,9.4,14.1
A01,-122.7419,42.1788,1317,2000,661.33,5.2,9.8,14.4
A01,-122.7419,42.1788,1317,2001,581.08,5.5,10.1,14.8
A01,-122.7419,42.1788,1317,2002,640.40,5.7,10.4,15.2
A01,-122.7419,42.1788,1317,2003,679.35,6.0,10.5,15.0
A01,-122.7419,42.1788,1317,2004,780.10,5.6,10.3,15.0
A01,-122.7419,42.1788,1317,2005,851.46,5.5,10.1,14.7
A01,-122.7419,42.1788,1317,2006,781.83,5.3,10.0,14.6
A01,-122.7419,42.1788,1317,2007,695.10,4.8,9.7,14.5
A01,-122.7419,42.1788,1317,2008,633.13,4.8,9.7,14.5
A01,-122.7419,42.1788,1317,2009,446.95,5.2,10.0,14.7
A01,-122.7419,42.1788,1317,2010,767.84,4.7,9.0,13.3
A01,-122.7419,42.1788,1317,2011,735.03,4.7,9.1,13.4
A01,-122.7419,42.1788,1317,2012,930.47,5.3,9.8,14.3
A01,-122.7419,42.1788,1317,2013,383.37,5.6,10.3,15.0
A01,-122.7419,42.1788,1317,2014,796.57,6.9,11.3,15.8
A01,-122.7419,42.1788,1317,2015,764.53,7.2,11.6,15.9
A01,-122.7419,42.1788,1317,2016,890.49,5.7,10.1,14.5
A01,-122.7419,42.1788,1317,2017,756.58,6.2,10.4,14.6
A01,-122.7419,42.1788,1317,2018,522.95,6.1,10.6,15.2
A01,-122.7419,42.1788,1317,2019,692.83,5.4,9.8,14.1
A01,-122.7419,42.1788,1317,2020,529.47,6.0,10.6,15.3
A01,-122.7419,42.1788,1317,2021,584.08,6.3,10.6,14.9
A01,-122.7419,42.1788,1317,2022,622.28,6.0,10.6,15.1
A01,-122.7419,42.1788,1317,2023,630.44,5.6,9.8,13.9
A01,-122.7419,42.1788,1317,2024,848.18,6.2,10.3,14.5
A02,-122.7366,42.1730,1167,1994,543.40,4.4,9.8,15.1
A02,-122.7366,42.1730,1167,1995,1021.88,5.0,10.1,15.1
A02,-122.7366,42.1730,1167,1996,1165.15,4.9,10.1,15.3
A02,-122.7366,42.1730,1167,1997,720.38,4.7,9.7,14.8
A02,-122.7366,42.1730,1167,1998,997.05,4.6,9.3,14.1
A02,-122.7366,42.1730,1167,1999,643.95,4.3,9.6,14.9
A02,-122.7366,42.1730,1167,2000,643.44,4.8,10.0,15.2
A02,-122.7366,42.1730,1167,2001,573.96,5.0,10.3,15.7
A02,-122.7366,42.1730,1167,2002,617.27,5.1,10.5,16.0
A02,-122.7366,42.1730,1167,2003,662.15,5.5,10.7,15.8
A02,-122.7366,42.1730,1167,2004,743.47,5.3,10.5,15.8
A02,-122.7366,42.1730,1167,2005,825.94,5.1,10.3,15.5
A02,-122.7366,42.1730,1167,2006,751.27,4.9,10.1,15.4
A02,-122.7366,42.1730,1167,2007,684.81,4.4,9.9,15.4
A02,-122.7366,42.1730,1167,2008,609.92,4.4,9.9,15.4
A02,-122.7366,42.1730,1167,2009,435.22,4.7,10.1,15.5
A02,-122.7366,42.1730,1167,2010,746.56,4.3,9.3,14.2
A02,-122.7366,42.1730,1167,2011,709.15,4.2,9.2,14.2
A02,-122.7366,42.1730,1167,2012,904.28,4.8,9.9,15.0
A02,-122.7366,42.1730,1167,2013,375.08,5.1,10.4,15.6
A02,-122.7366,42.1730,1167,2014,772.27,6.3,11.4,16.6
A02,-122.7366,42.1730,1167,2015,752.32,6.6,11.6,16.6
A02,-122.7366,42.1730,1167,2016,852.56,5.3,10.3,15.2
A02,-122.7366,42.1730,1167,2017,721.34,5.6,10.4,15.2
A02,-122.7366,42.1730,1167,2018,502.95,5.5,10.7,15.8
A02,-122.7366,42.1730,1167,2019,667.66,5.0,9.9,14.8
A02,-122.7366,42.1730,1167,2020,525.81,5.6,10.8,16.0
A02,-122.7366,42.1730,1167,2021,547.66,6.1,10.9,15.8
A02,-122.7366,42.1730,1167,2022,588.15,6.0,11.0,16.0
A02,-122.7366,42.1730,1167,2023,592.57,5.6,10.3,15.0
A02,-122.7366,42.1730,1167,2024,799.94,6.3,10.8,15.3
A03,-122.7252,42.1699,990,1994,513.45,4.6,10.5,16.5
A03,-122.7252,42.1699,990,1995,989.85,5.4,10.9,16.4
A03,-122.7252,42.1699,990,1996,1122.42,5.1,10.9,16.7
A03,-122.7252,42.1699,990,1997,697.29,4.9,10.5,16.1
A03,-122.7252,42.1699,990,1998,972.55,4.7,10.0,15.4
A03,-122.7252,42.1699,990,1999,625.04,4.4,10.2,16.1
A03,-122.7252,42.1699,990,2000,627.90,5.2,10.7,16.3
A03,-122.7252,42.1699,990,2001,553.84,5.3,11.1,17.0
A03,-122.7252,42.1699,990,2002,601.58,5.2,11.2,17.2
A03,-122.7252,42.1699,990,2003,642.23,5.7,11.4,17.2
A03,-122.7252,42.1699,990,2004,712.45,5.5,11.3,17.1
A03,-122.7252,42.1699,990,2005,804.70,5.2,10.9,16.6
A03,-122.7252,42.1699,990,2006,717.53,5.0,10.7,16.5
A03,-122.7252,42.1699,990,2007,654.93,4.7,10.6,16.5
A03,-122.7252,42.1699,990,2008,584.32,4.6,10.6,16.5
A03,-122.7252,42.1699,990,2009,432.64,4.9,10.7,16.6
A03,-122.7252,42.1699,990,2010,722.56,4.6,10.1,15.5
A03,-122.7252,42.1699,990,2011,688.12,4.3,9.8,15.3
A03,-122.7252,42.1699,990,2012,868.37,5.0,10.6,16.2
A03,-122.7252,42.1699,990,2013,366.09,5.1,10.9,16.7
A03,-122.7252,42.1699,990,2014,742.49,6.4,12.1,17.8
A03,-122.7252,42.1699,990,2015,717.03,6.7,12.2,17.7
A03,-122.7252,42.1699,990,2016,826.49,5.6,11.0,16.4
A03,-122.7252,42.1699,990,2017,693.88,5.5,11.0,16.4
A03,-122.7252,42.1699,990,2018,484.82,5.7,11.3,16.8
A03,-122.7252,42.1699,990,2019,655.34,5.2,10.6,16.0
A03,-122.7252,42.1699,990,2020,506.05,5.8,11.5,17.1
A03,-122.7252,42.1699,990,2021,516.60,5.5,11.1,16.8
A03,-122.7252,42.1699,990,2022,579.87,5.4,11.2,17.0
A03,-122.7252,42.1699,990,2023,569.76,5.6,10.9,16.3
A03,-122.7252,42.1699,990,2024,779.48,6.5,11.5,16.4
A04,-122.7043,42.1695,878,1994,473.17,3.7,10.4,17.0
A04,-122.7043,42.1695,878,1995,916.83,4.7,10.9,17.0
A04,-122.7043,42.1695,878,1996,1045.02,4.4,10.8,17.2
A04,-122.7043,42.1695,878,1997,642.36,4.3,10.5,16.6
A04,-122.7043,42.1695,878,1998,918.88,4.3,10.1,16.0
A04,-122.7043,42.1695,878,1999,574.33,3.7,10.2,16.6
A04,-122.7043,42.1695,878,2000,589.74,4.4,10.6,16.8
A04,-122.7043,42.1695,878,2001,508.46,4.4,10.9,17.5
A04,-122.7043,42.1695,878,2002,565.28,4.2,10.9,17.7
A04,-122.7043,42.1695,878,2003,585.81,5.0,11.3,17.7
A04,-122.7043,42.1695,878,2004,648.02,4.6,11.1,17.6
A04,-122.7043,42.1695,878,2005,737.44,4.4,10.7,17.1
A04,-122.7043,42.1695,878,2006,661.52,4.3,10.7,17.0
A04,-122.7043,42.1695,878,2007,605.98,3.7,10.4,17.1
A04,-122.7043,42.1695,878,2008,539.51,3.7,10.4,17.0
A04,-122.7043,42.1695,878,2009,424.09,3.8,10.5,17.1
A04,-122.7043,42.1695,878,2010,673.52,3.9,10.0,16.1
A04,-122.7043,42.1695,878,2011,628.40,3.4,9.6,15.8
A04,-122.7043,42.1695,878,2012,803.50,4.5,10.6,16.7
A04,-122.7043,42.1695,878,2013,343.66,4.0,10.6,17.1
A04,-122.7043,42.1695,878,2014,678.24,5.9,12.1,18.3
A04,-122.7043,42.1695,878,2015,683.84,5.9,12.1,18.3
A04,-122.7043,42.1695,878,2016,752.16,5.1,11.0,17.0
A04,-122.7043,42.1695,878,2017,641.35,5.0,11.0,16.9
A04,-122.7043,42.1695,878,2018,450.19,4.7,11.1,17.4
A04,-122.7043,42.1695,878,2019,607.16,4.4,10.5,16.5
A04,-122.7043,42.1695,878,2020,481.31,5.0,11.3,17.6
A04,-122.7043,42.1695,878,2021,483.60,4.6,11.0,17.5
A04,-122.7043,42.1695,878,2022,549.52,4.1,10.9,17.6
A04,-122.7043,42.1695,878,2023,540.51,4.5,10.7,16.9
A04,-122.7043,42.1695,878,2024,697.09,5.7,11.3,17.0
A05,-122.7320,42.1675,1203,1994,552.25,4.5,9.7,14.8
A05,-122.7320,42.1675,1203,1995,1031.17,5.0,9.9,14.8
A05,-122.7320,42.1675,1203,1996,1175.58,4.9,10.0,15.1
A05,-122.7320,42.1675,1203,1997,732.24,4.8,9.7,14.5
A05,-122.7320,42.1675,1203,1998,1013.98,4.6,9.2,13.8
A05,-122.7320,42.1675,1203,1999,658.01,4.4,9.5,14.6
A05,-122.7320,42.1675,1203,2000,653.15,4.8,9.9,14.9
A05,-122.7320,42.1675,1203,2001,580.88,5.1,10.2,15.4
A05,-122.7320,42.1675,1203,2002,626.71,5.2,10.5,15.7
A05,-122.7320,42.1675,1203,2003,674.94,5.7,10.6,15.6
A05,-122.7320,42.1675,1203,2004,754.15,5.4,10.5,15.6
A05,-122.7320,42.1675,1203,2005,845.72,5.1,10.2,15.3
A05,-122.7320,42.1675,1203,2006,759.03,4.9,10.0,15.1
A05,-122.7320,42.1675,1203,2007,668.80,4.5,9.8,15.1
A05,-122.7320,42.1675,1203,2008,616.78,4.5,9.8,15.1
A05,-122.7320,42.1675,1203,2009,442.67,4.8,10.0,15.2
A05,-122.7320,42.1675,1203,2010,756.06,4.4,9.2,14.0
A05,-122.7320,42.1675,1203,2011,718.45,4.3,9.2,14.0
A05,-122.7320,42.1675,1203,2012,909.01,4.9,9.8,14.8
A05,-122.7320,42.1675,1203,2013,377.40,5.2,10.3,15.4
A05,-122.7320,42.1675,1203,2014,775.67,6.5,11.4,16.4
A05,-122.7320,42.1675,1203,2015,745.19,6.7,11.6,16.4
A05,-122.7320,42.1675,1203,2016,862.80,5.4,10.2,14.9
A05,-122.7320,42.1675,1203,2017,740.22,5.7,10.4,15.0
A05,-122.7320,42.1675,1203,2018,512.13,5.7,10.6,15.6
A05,-122.7320,42.1675,1203,2019,683.14,5.0,9.8,14.6
A05,-122.7320,42.1675,1203,2020,530.65,5.7,10.7,15.8
A05,-122.7320,42.1675,1203,2021,564.66,6.2,10.9,15.6
A05,-122.7320,42.1675,1203,2022,612.65,6.0,10.9,15.8
A05,-122.7320,42.1675,1203,2023,621.18,5.6,10.2,14.8
A05,-122.7320,42.1675,1203,2024,835.48,6.3,10.7,15.1
A06,-122.7067,42.1669,878,1994,473.17,3.7,10.4,17.0
A06,-122.7067,42.1669,878,1995,916.83,4.7,10.9,17.0
A06,-122.7067,42.1669,878,1996,1045.02,4.4,10.8,17.2
A06,-122.7067,42.1669,878,1997,642.36,4.3,10.5,16.6
A06,-122.7067,42.1669,878,1998,918.88,4.3,10.1,16.0
A06,-122.7067,42.1669,878,1999,574.33,3.7,10.2,16.6
A06,-122.7067,42.1669,878,2000,589.74,4.4,10.6,16.8
A06,-122.7067,42.1669,878,2001,508.46,4.4,10.9,17.5
A06,-122.7067,42.1669,878,2002,565.28,4.2,10.9,17.7
A06,-122.7067,42.1669,878,2003,585.81,5.0,11.3,17.7
A06,-122.7067,42.1669,878,2004,648.02,4.6,11.1,17.6
A06,-122.7067,42.1669,878,2005,737.44,4.4,10.7,17.1
A06,-122.7067,42.1669,878,2006,661.52,4.3,10.7,17.0
A06,-122.7067,42.1669,878,2007,605.98,3.7,10.4,17.1
A06,-122.7067,42.1669,878,2008,539.51,3.7,10.4,17.0
A06,-122.7067,42.1669,878,2009,424.09,3.8,10.5,17.1
A06,-122.7067,42.1669,878,2010,673.52,3.9,10.0,16.1
A06,-122.7067,42.1669,878,2011,628.40,3.4,9.6,15.8
A06,-122.7067,42.1669,878,2012,803.50,4.5,10.6,16.7
A06,-122.7067,42.1669,878,2013,343.66,4.0,10.6,17.1
A06,-122.7067,42.1669,878,2014,678.24,5.9,12.1,18.3
A06,-122.7067,42.1669,878,2015,683.84,5.9,12.1,18.3
A06,-122.7067,42.1669,878,2016,752.16,5.1,11.0,17.0
A06,-122.7067,42.1669,878,2017,641.35,5.0,11.0,16.9
A06,-122.7067,42.1669,878,2018,450.19,4.7,11.1,17.4
A06,-122.7067,42.1669,878,2019,607.16,4.4,10.5,16.5
A06,-122.7067,42.1669,878,2020,481.31,5.0,11.3,17.6
A06,-122.7067,42.1669,878,2021,483.60,4.6,11.0,17.5
A06,-122.7067,42.1669,878,2022,549.52,4.1,10.9,17.6
A06,-122.7067,42.1669,878,2023,540.51,4.5,10.7,16.9
A06,-122.7067,42.1669,878,2024,697.09,5.7,11.3,17.0
A07,-122.7090,42.1658,878,1994,473.17,3.7,10.4,17.0
A07,-122.7090,42.1658,878,1995,916.83,4.7,10.9,17.0
A07,-122.7090,42.1658,878,1996,1045.02,4.4,10.8,17.2
A07,-122.7090,42.1658,878,1997,642.36,4.3,10.5,16.6
A07,-122.7090,42.1658,878,1998,918.88,4.3,10.1,16.0
A07,-122.7090,42.1658,878,1999,574.33,3.7,10.2,16.6
A07,-122.7090,42.1658,878,2000,589.74,4.4,10.6,16.8
A07,-122.7090,42.1658,878,2001,508.46,4.4,10.9,17.5
A07,-122.7090,42.1658,878,2002,565.28,4.2,10.9,17.7
A07,-122.7090,42.1658,878,2003,585.81,5.0,11.3,17.7
A07,-122.7090,42.1658,878,2004,648.02,4.6,11.1,17.6
A07,-122.7090,42.1658,878,2005,737.44,4.4,10.7,17.1
A07,-122.7090,42.1658,878,2006,661.52,4.3,10.7,17.0
A07,-122.7090,42.1658,878,2007,605.98,3.7,10.4,17.1
A07,-122.7090,42.1658,878,2008,539.51,3.7,10.4,17.0
A07,-122.7090,42.1658,878,2009,424.09,3.8,10.5,17.1
A07,-122.7090,42.1658,878,2010,673.52,3.9,10.0,16.1
A07,-122.7090,42.1658,878,2011,628.40,3.4,9.6,15.8
A07,-122.7090,42.1658,878,2012,803.50,4.5,10.6,16.7
A07,-122.7090,42.1658,878,2013,343.66,4.0,10.6,17.1
A07,-122.7090,42.1658,878,2014,678.24,5.9,12.1,18.3
A07,-122.7090,42.1658,878,2015,683.84,5.9,12.1,18.3
A07,-122.7090,42.1658,878,2016,752.16,5.1,11.0,17.0
A07,-122.7090,42.1658,878,2017,641.35,5.0,11.0,16.9
A07,-122.7090,42.1658,878,2018,450.19,4.7,11.1,17.4
A07,-122.7090,42.1658,878,2019,607.16,4.4,10.5,16.5
A07,-122.7090,42.1658,878,2020,481.31,5.0,11.3,17.6
A07,-122.7090,42.1658,878,2021,483.60,4.6,11.0,17.5
A07,-122.7090,42.1658,878,2022,549.52,4.1,10.9,17.6
A07,-122.7090,42.1658,878,2023,540.51,4.5,10.7,16.9
A07,-122.7090,42.1658,878,2024,697.09,5.7,11.3,17.0
A08,-122.7004,42.1649,942,1994,460.43,4.4,10.6,16.7
A08,-122.7004,42.1649,942,1995,899.78,5.3,11.1,16.9
A08,-122.7004,42.1649,942,1996,1020.30,5.1,11.1,17.0
A08,-122.7004,42.1649,942,1997,627.96,4.9,10.7,16.4
A08,-122.7004,42.1649,942,1998,903.38,4.7,10.2,15.7
A08,-122.7004,42.1649,942,1999,559.61,4.4,10.4,16.4
A08,-122.7004,42.1649,942,2000,579.55,5.1,10.8,16.6
A08,-122.7004,42.1649,942,2001,497.92,5.2,11.2,17.3
A08,-122.7004,42.1649,942,2002,555.27,5.1,11.3,17.5
A08,-122.7004,42.1649,942,2003,570.26,5.7,11.6,17.5
A08,-122.7004,42.1649,942,2004,627.54,5.4,11.4,17.4
A08,-122.7004,42.1649,942,2005,719.59,5.1,11.0,16.9
A08,-122.7004,42.1649,942,2006,642.81,5.0,10.9,16.8
A08,-122.7004,42.1649,942,2007,590.75,4.5,10.7,16.8
A08,-122.7004,42.1649,942,2008,525.03,4.5,10.7,16.9
A08,-122.7004,42.1649,942,2009,422.52,4.7,10.8,17.0
A08,-122.7004,42.1649,942,2010,657.13,4.5,10.2,15.8
A08,-122.7004,42.1649,942,2011,609.21,4.1,9.9,15.7
A08,-122.7004,42.1649,942,2012,786.13,5.0,10.8,16.5
A08,-122.7004,42.1649,942,2013,337.32,4.9,10.9,17.0
A08,-122.7004,42.1649,942,2014,666.68,6.3,12.2,18.2
A08,-122.7004,42.1649,942,2015,680.96,6.5,12.3,18.1
A08,-122.7004,42.1649,942,2016,742.09,5.6,11.2,16.8
A08,-122.7004,42.1649,942,2017,629.76,5.5,11.1,16.7
A08,-122.7004,42.1649,942,2018,442.39,5.5,11.4,17.2
A08,-122.7004,42.1649,942,2019,596.44,5.0,10.7,16.3
A08,-122.7004,42.1649,942,2020,470.86,5.8,11.6,17.4
A08,-122.7004,42.1649,942,2021,481.81,5.3,11.2,17.1
A08,-122.7004,42.1649,942,2022,545.10,5.2,11.2,17.3
A08,-122.7004,42.1649,942,2023,537.89,5.4,11.0,16.5
A08,-122.7004,42.1649,942,2024,672.84,6.5,11.5,16.6
A09,-122.7116,42.1608,1066,1994,493.91,4.7,10.3,16.0
A09,-122.7116,42.1608,1066,1995,956.87,5.5,10.7,16.0
A09,-122.7116,42.1608,1066,1996,1080.73,5.2,10.7,16.2
A09,-122.7116,42.1608,1066,1997,669.63,5.0,10.3,15.6
A09,-122.7116,42.1608,1066,1998,947.64,4.7,9.8,15.0
A09,-122.7116,42.1608,1066,1999,599.96,4.4,10.1,15.7
A09,-122.7116,42.1608,1066,2000,609.07,5.2,10.6,15.9
A09,-122.7116,42.1608,1066,2001,535.18,5.2,10.9,16.6
A09,-122.7116,42.1608,1066,2002,583.72,5.3,11.0,16.8
A09,-122.7116,42.1608,1066,2003,614.01,5.7,11.2,16.7
A09,-122.7116,42.1608,1066,2004,673.04,5.5,11.1,16.8
A09,-122.7116,42.1608,1066,2005,773.16,5.2,10.7,16.3
A09,-122.7116,42.1608,1066,2006,688.67,5.0,10.5,16.0
A09,-122.7116,42.1608,1066,2007,622.42,4.5,10.3,16.1
A09,-122.7116,42.1608,1066,2008,556.36,4.4,10.3,16.1
A09,-122.7116,42.1608,1066,2009,426.49,4.8,10.5,16.2
A09,-122.7116,42.1608,1066,2010,694.83,4.5,9.8,15.0
A09,-122.7116,42.1608,1066,2011,645.12,4.2,9.6,15.0
A09,-122.7116,42.1608,1066,2012,838.23,4.8,10.3,15.8
A09,-122.7116,42.1608,1066,2013,351.56,5.0,10.8,16.5
A09,-122.7116,42.1608,1066,2014,704.89,6.3,11.8,17.3
A09,-122.7116,42.1608,1066,2015,701.88,6.6,12.0,17.3
A09,-122.7116,42.1608,1066,2016,792.61,5.5,10.7,16.0
A09,-122.7116,42.1608,1066,2017,664.68,5.5,10.7,15.9
A09,-122.7116,42.1608,1066,2018,467.21,5.6,11.0,16.4
A09,-122.7116,42.1608,1066,2019,625.38,5.1,10.3,15.5
A09,-122.7116,42.1608,1066,2020,495.67,5.7,11.2,16.7
A09,-122.7116,42.1608,1066,2021,501.55,5.7,11.1,16.4
A09,-122.7116,42.1608,1066,2022,573.53,5.7,11.1,16.6
A09,-122.7116,42.1608,1066,2023,563.39,5.7,10.7,15.7
A09,-122.7116,42.1608,1066,2024,739.02,6.3,11.1,16.0
A10,-122.6996,42.1605,1038,1994,484.23,4.7,10.4,16.1
A10,-122.6996,42.1605,1038,1995,944.95,5.5,10.8,16.1
A10,-122.6996,42.1605,1038,1996,1065.67,5.2,10.8,16.3
A10,-122.6996,42.1605,1038,1997,660.25,5.0,10.4,15.7
A10,-122.6996,42.1605,1038,1998,938.39,4.7,9.9,15.1
A10,-122.6996,42.1605,1038,1999,589.55,4.5,10.2,15.8
A10,-122.6996,42.1605,1038,2000,602.46,5.3,10.7,16.1
A10,-122.6996,42.1605,1038,2001,528.46,5.2,11.0,16.7
A10,-122.6996,42.1605,1038,2002,576.58,5.3,11.1,17.0
A10,-122.6996,42.1605,1038,2003,604.83,5.7,11.3,16.9
A10,-122.6996,42.1605,1038,2004,660.66,5.5,11.2,16.9
A10,-122.6996,42.1605,1038,2005,760.90,5.2,10.9,16.5
A10,-122.6996,42.1605,1038,2006,676.54,5.1,10.7,16.2
A10,-122.6996,42.1605,1038,2007,613.63,4.6,10.4,16.3
A10,-122.6996,42.1605,1038,2008,547.78,4.5,10.4,16.3
A10,-122.6996,42.1605,1038,2009,429.02,4.8,10.6,16.4
A10,-122.6996,42.1605,1038,2010,685.60,4.5,9.9,15.2
A10,-122.6996,42.1605,1038,2011,633.74,4.2,9.7,15.1
A10,-122.6996,42.1605,1038,2012,826.43,4.8,10.4,16.0
A10,-122.6996,42.1605,1038,2013,347.45,5.0,10.8,16.7
A10,-122.6996,42.1605,1038,2014,698.78,6.3,11.9,17.5
A10,-122.6996,42.1605,1038,2015,700.05,6.6,12.1,17.5
A10,-122.6996,42.1605,1038,2016,774.98,5.5,10.8,16.1
A10,-122.6996,42.1605,1038,2017,655.70,5.5,10.8,16.0
A10,-122.6996,42.1605,1038,2018,460.93,5.6,11.1,16.5
A10,-122.6996,42.1605,1038,2019,618.90,5.2,10.4,15.6
A10,-122.6996,42.1605,1038,2020,489.31,5.8,11.3,16.9
A10,-122.6996,42.1605,1038,2021,501.81,5.7,11.1,16.5
A10,-122.6996,42.1605,1038,2022,571.78,5.7,11.2,16.8
A10,-122.6996,42.1605,1038,2023,561.70,5.8,10.9,15.9
A10,-122.6996,42.1605,1038,2024,728.95,6.5,11.3,16.2
A11,-122.7038,42.1585,1038,1994,484.23,4.7,10.4,16.1
A11,-122.7038,42.1585,1038,1995,944.95,5.5,10.8,16.1
A11,-122.7038,42.1585,1038,1996,1065.67,5.2,10.8,16.3
A11,-122.7038,42.1585,1038,1997,660.25,5.0,10.4,15.7
A11,-122.7038,42.1585,1038,1998,938.39,4.7,9.9,15.1
A11,-122.7038,42.1585,1038,1999,589.55,4.5,10.2,15.8
A11,-122.7038,42.1585,1038,2000,602.46,5.3,10.7,16.1
A11,-122.7038,42.1585,1038,2001,528.46,5.2,11.0,16.7
A11,-122.7038,42.1585,1038,2002,576.58,5.3,11.1,17.0
A11,-122.7038,42.1585,1038,2003,604.83,5.7,11.3,16.9
A11,-122.7038,42.1585,1038,2004,660.66,5.5,11.2,16.9
A11,-122.7038,42.1585,1038,2005,760.90,5.2,10.9,16.5
A11,-122.7038,42.1585,1038,2006,676.54,5.1,10.7,16.2
A11,-122.7038,42.1585,1038,2007,613.63,4.6,10.4,16.3
A11,-122.7038,42.1585,1038,2008,547.78,4.5,10.4,16.3
A11,-122.7038,42.1585,1038,2009,429.02,4.8,10.6,16.4
A11,-122.7038,42.1585,1038,2010,685.60,4.5,9.9,15.2
A11,-122.7038,42.1585,1038,2011,633.74,4.2,9.7,15.1
A11,-122.7038,42.1585,1038,2012,826.43,4.8,10.4,16.0
A11,-122.7038,42.1585,1038,2013,347.45,5.0,10.8,16.7
A11,-122.7038,42.1585,1038,2014,698.78,6.3,11.9,17.5
A11,-122.7038,42.1585,1038,2015,700.05,6.6,12.1,17.5
A11,-122.7038,42.1585,1038,2016,774.98,5.5,10.8,16.1
A11,-122.7038,42.1585,1038,2017,655.70,5.5,10.8,16.0
A11,-122.7038,42.1585,1038,2018,460.93,5.6,11.1,16.5
A11,-122.7038,42.1585,1038,2019,618.90,5.2,10.4,15.6
A11,-122.7038,42.1585,1038,2020,489.31,5.8,11.3,16.9
A11,-122.7038,42.1585,1038,2021,501.81,5.7,11.1,16.5
A11,-122.7038,42.1585,1038,2022,571.78,5.7,11.2,16.8
A11,-122.7038,42.1585,1038,2023,561.70,5.8,10.9,15.9
A11,-122.7038,42.1585,1038,2024,728.95,6.5,11.3,16.2
A12,-122.7000,42.1569,1038,1994,484.23,4.7,10.4,16.1
A12,-122.7000,42.1569,1038,1995,944.95,5.5,10.8,16.1
A12,-122.7000,42.1569,1038,1996,1065.67,5.2,10.8,16.3
A12,-122.7000,42.1569,1038,1997,660.25,5.0,10.4,15.7
A12,-122.7000,42.1569,1038,1998,938.39,4.7,9.9,15.1
A12,-122.7000,42.1569,1038,1999,589.55,4.5,10.2,15.8
A12,-122.7000,42.1569,1038,2000,602.46,5.3,10.7,16.1
A12,-122.7000,42.1569,1038,2001,528.46,5.2,11.0,16.7
A12,-122.7000,42.1569,1038,2002,576.58,5.3,11.1,17.0
A12,-122.7000,42.1569,1038,2003,604.83,5.7,11.3,16.9
A12,-122.7000,42.1569,1038,2004,660.66,5.5,11.2,16.9
A12,-122.7000,42.1569,1038,2005,760.90,5.2,10.9,16.5
A12,-122.7000,42.1569,1038,2006,676.54,5.1,10.7,16.2
A12,-122.7000,42.1569,1038,2007,613.63,4.6,10.4,16.3
A12,-122.7000,42.1569,1038,2008,547.78,4.5,10.4,16.3
A12,-122.7000,42.1569,1038,2009,429.02,4.8,10.6,16.4
A12,-122.7000,42.1569,1038,2010,685.60,4.5,9.9,15.2
A12,-122.7000,42.1569,1038,2011,633.74,4.2,9.7,15.1
A12,-122.7000,42.1569,1038,2012,826.43,4.8,10.4,16.0
A12,-122.7000,42.1569,1038,2013,347.45,5.0,10.8,16.7
A12,-122.7000,42.1569,1038,2014,698.78,6.3,11.9,17.5
A12,-122.7000,42.1569,1038,2015,700.05,6.6,12.1,17.5
A12,-122.7000,42.1569,1038,2016,774.98,5.5,10.8,16.1
A12,-122.7000,42.1569,1038,2017,655.70,5.5,10.8,16.0
A12,-122.7000,42.1569,1038,2018,460.93,5.6,11.1,16.5
A12,-122.7000,42.1569,1038,2019,618.90,5.2,10.4,15.6
A12,-122.7000,42.1569,1038,2020,489.31,5.8,11.3,16.9
A12,-122.7000,42.1569,1038,2021,501.81,5.7,11.1,16.5
A12,-122.7000,42.1569,1038,2022,571.78,5.7,11.2,16.8
A12,-122.7000,42.1569,1038,2023,561.70,5.8,10.9,15.9
A12,-122.7000,42.1569,1038,2024,728.95,6.5,11.3,16.2
A13,-122.6975,42.1555,1038,1994,484.23,4.7,10.4,16.1
A13,-122.6975,42.1555,1038,1995,944.95,5.5,10.8,16.1
A13,-122.6975,42.1555,1038,1996,1065.67,5.2,10.8,16.3
A13,-122.6975,42.1555,1038,1997,660.25,5.0,10.4,15.7
A13,-122.6975,42.1555,1038,1998,938.39,4.7,9.9,15.1
A13,-122.6975,42.1555,1038,1999,589.55,4.5,10.2,15.8
A13,-122.6975,42.1555,1038,2000,602.46,5.3,10.7,16.1
A13,-122.6975,42.1555,1038,2001,528.46,5.2,11.0,16.7
A13,-122.6975,42.1555,1038,2002,576.58,5.3,11.1,17.0
A13,-122.6975,42.1555,1038,2003,604.83,5.7,11.3,16.9
A13,-122.6975,42.1555,1038,2004,660.66,5.5,11.2,16.9
A13,-122.6975,42.1555,1038,2005,760.90,5.2,10.9,16.5
A13,-122.6975,42.1555,1038,2006,676.54,5.1,10.7,16.2
A13,-122.6975,42.1555,1038,2007,613.63,4.6,10.4,16.3
A13,-122.6975,42.1555,1038,2008,547.78,4.5,10.4,16.3
A13,-122.6975,42.1555,1038,2009,429.02,4.8,10.6,16.4
A13,-122.6975,42.1555,1038,2010,685.60,4.5,9.9,15.2
A13,-122.6975,42.1555,1038,2011,633.74,4.2,9.7,15.1
A13,-122.6975,42.1555,1038,2012,826.43,4.8,10.4,16.0
A13,-122.6975,42.1555,1038,2013,347.45,5.0,10.8,16.7
A13,-122.6975,42.1555,1038,2014,698.78,6.3,11.9,17.5
A13,-122.6975,42.1555,1038,2015,700.05,6.6,12.1,17.5
A13,-122.6975,42.1555,1038,2016,774.98,5.5,10.8,16.1
A13,-122.6975,42.1555,1038,2017,655.70,5.5,10.8,16.0
A13,-122.6975,42.1555,1038,2018,460.93,5.6,11.1,16.5
A13,-122.6975,42.1555,1038,2019,618.90,5.2,10.4,15.6
A13,-122.6975,42.1555,1038,2020,489.31,5.8,11.3,16.9
A13,-122.6975,42.1555,1038,2021,501.81,5.7,11.1,16.5
A13,-122.6975,42.1555,1038,2022,571.78,5.7,11.2,16.8
A13,-122.6975,42.1555,1038,2023,561.70,5.8,10.9,15.9
A13,-122.6975,42.1555,1038,2024,728.95,6.5,11.3,16.2
A14,-122.7266,42.1555,1011,1994,531.74,4.6,10.4,16.3
A14,-122.7266,42.1555,1011,1995,1002.74,5.4,10.8,16.3
A14,-122.7266,42.1555,1011,1996,1146.18,5.1,10.9,16.6
A14,-122.7266,42.1555,1011,1997,714.95,4.9,10.4,15.9
A14,-122.7266,42.1555,1011,1998,994.30,4.6,10.0,15.3
A14,-122.7266,42.1555,1011,1999,635.72,4.5,10.2,16.0
A14,-122.7266,42.1555,1011,2000,636.78,5.2,10.7,16.2
A14,-122.7266,42.1555,1011,2001,565.75,5.3,11.1,16.8
A14,-122.7266,42.1555,1011,2002,609.84,5.2,11.1,17.1
A14,-122.7266,42.1555,1011,2003,656.03,5.7,11.4,17.0
A14,-122.7266,42.1555,1011,2004,727.38,5.5,11.2,17.0
A14,-122.7266,42.1555,1011,2005,823.16,5.2,10.8,16.5
A14,-122.7266,42.1555,1011,2006,735.45,5.0,10.7,16.3
A14,-122.7266,42.1555,1011,2007,645.07,4.7,10.5,16.4
A14,-122.7266,42.1555,1011,2008,596.61,4.6,10.5,16.5
A14,-122.7266,42.1555,1011,2009,435.25,4.9,10.7,16.5
A14,-122.7266,42.1555,1011,2010,740.49,4.6,10.0,15.3
A14,-122.7266,42.1555,1011,2011,690.95,4.4,9.8,15.3
A14,-122.7266,42.1555,1011,2012,882.33,5.1,10.6,16.1
A14,-122.7266,42.1555,1011,2013,369.73,5.2,10.9,16.7
A14,-122.7266,42.1555,1011,2014,755.75,6.5,12.1,17.7
A14,-122.7266,42.1555,1011,2015,733.91,6.8,12.2,17.6
A14,-122.7266,42.1555,1011,2016,837.93,5.6,10.9,16.3
A14,-122.7266,42.1555,1011,2017,706.62,5.6,10.9,16.2
A14,-122.7266,42.1555,1011,2018,491.06,5.7,11.2,16.7
A14,-122.7266,42.1555,1011,2019,662.07,5.3,10.6,15.8
A14,-122.7266,42.1555,1011,2020,518.36,5.9,11.4,17.0
A14,-122.7266,42.1555,1011,2021,536.25,5.8,11.2,16.7
A14,-122.7266,42.1555,1011,2022,602.07,5.7,11.3,16.9
A14,-122.7266,42.1555,1011,2023,590.10,5.8,11.0,16.1
A14,-122.7266,42.1555,1011,2024,804.72,6.7,11.5,16.4
A15,-122.7220,42.1541,1041,1994,541.86,4.5,10.3,16.1
A15,-122.7220,42.1541,1041,1995,1019.04,5.3,10.7,16.1
A15,-122.7220,42.1541,1041,1996,1161.30,5.1,10.8,16.4
A15,-122.7220,42.1541,1041,1997,726.47,4.9,10.3,15.6
A15,-122.7220,42.1541,1041,1998,1011.41,4.6,9.8,15.0
A15,-122.7220,42.1541,1041,1999,648.10,4.4,10.1,15.8
A15,-122.7220,42.1541,1041,2000,647.72,5.1,10.6,16.1
A15,-122.7220,42.1541,1041,2001,576.70,5.2,10.9,16.6
A15,-122.7220,42.1541,1041,2002,619.15,5.2,11.0,16.9
A15,-122.7220,42.1541,1041,2003,667.08,5.7,11.2,16.8
A15,-122.7220,42.1541,1041,2004,734.22,5.5,11.1,16.8
A15,-122.7220,42.1541,1041,2005,833.57,5.2,10.7,16.3
A15,-122.7220,42.1541,1041,2006,753.82,5.0,10.6,16.1
A15,-122.7220,42.1541,1041,2007,650.12,4.7,10.5,16.2
A15,-122.7220,42.1541,1041,2008,604.66,4.6,10.4,16.3
A15,-122.7220,42.1541,1041,2009,437.45,5.0,10.6,16.3
A15,-122.7220,42.1541,1041,2010,753.99,4.6,9.9,15.1
A15,-122.7220,42.1541,1041,2011,697.77,4.4,9.7,15.0
A15,-122.7220,42.1541,1041,2012,895.77,5.1,10.5,15.9
A15,-122.7220,42.1541,1041,2013,373.49,5.2,10.9,16.6
A15,-122.7220,42.1541,1041,2014,764.84,6.5,12.0,17.5
A15,-122.7220,42.1541,1041,2015,738.91,6.8,12.1,17.5
A15,-122.7220,42.1541,1041,2016,860.11,5.7,10.9,16.0
A15,-122.7220,42.1541,1041,2017,723.27,5.6,10.8,16.0
A15,-122.7220,42.1541,1041,2018,500.26,5.7,11.1,16.5
A15,-122.7220,42.1541,1041,2019,674.91,5.3,10.5,15.6
A15,-122.7220,42.1541,1041,2020,525.14,5.9,11.3,16.8
A15,-122.7220,42.1541,1041,2021,550.55,5.8,11.2,16.6
A15,-122.7220,42.1541,1041,2022,617.51,5.6,11.2,16.7
A15,-122.7220,42.1541,1041,2023,610.90,5.7,10.8,15.9
A15,-122.7220,42.1541,1041,2024,829.49,6.6,11.4,16.1
A16,-122.7045,42.1535,990,1994,519.60,4.1,10.3,16.4
A16,-122.7045,42.1535,990,1995,983.31,5.0,10.7,16.5
A16,-122.7045,42.1535,990,1996,1121.18,4.8,10.8,16.8
A16,-122.7045,42.1535,990,1997,699.43,4.6,10.3,16.0
A16,-122.7045,42.1535,990,1998,981.44,4.4,9.9,15.4
A16,-122.7045,42.1535,990,1999,625.10,4.1,10.1,16.1
A16,-122.7045,42.1535,990,2000,630.59,4.8,10.6,16.3
A16,-122.7045,42.1535,990,2001,555.29,4.9,10.9,17.0
A16,-122.7045,42.1535,990,2002,600.72,4.7,11.0,17.2
A16,-122.7045,42.1535,990,2003,641.03,5.4,11.3,17.2
A16,-122.7045,42.1535,990,2004,702.03,5.1,11.1,17.1
A16,-122.7045,42.1535,990,2005,804.15,4.8,10.7,16.6
A16,-122.7045,42.1535,990,2006,720.85,4.7,10.6,16.5
A16,-122.7045,42.1535,990,2007,641.03,4.4,10.5,16.6
A16,-122.7045,42.1535,990,2008,579.35,4.2,10.4,16.6
A16,-122.7045,42.1535,990,2009,430.88,4.6,10.6,16.6
A16,-122.7045,42.1535,990,2010,721.92,4.4,9.9,15.5
A16,-122.7045,42.1535,990,2011,664.80,4.1,9.7,15.4
A16,-122.7045,42.1535,990,2012,866.07,4.8,10.5,16.2
A16,-122.7045,42.1535,990,2013,361.91,4.8,10.8,16.9
A16,-122.7045,42.1535,990,2014,728.78,6.2,12.0,17.9
A16,-122.7045,42.1535,990,2015,712.39,6.5,12.2,17.9
A16,-122.7045,42.1535,990,2016,822.26,5.3,10.9,16.4
A16,-122.7045,42.1535,990,2017,693.58,5.3,10.9,16.4
A16,-122.7045,42.1535,990,2018,483.40,5.4,11.2,16.9
A16,-122.7045,42.1535,990,2019,650.91,4.9,10.5,16.0
A16,-122.7045,42.1535,990,2020,510.92,5.6,11.4,17.3
A16,-122.7045,42.1535,990,2021,519.51,5.4,11.1,16.9
A16,-122.7045,42.1535,990,2022,598.90,5.2,11.1,17.0
A16,-122.7045,42.1535,990,2023,586.32,5.4,10.8,16.3
A16,-122.7045,42.1535,990,2024,784.64,6.3,11.4,16.4
A17,-122.7299,42.1519,1160,1994,593.34,4.1,9.7,15.3
A17,-122.7299,42.1519,1160,1995,1116.52,4.9,10.0,15.1
A17,-122.7299,42.1519,1160,1996,1257.24,4.7,10.1,15.6
A17,-122.7299,42.1519,1160,1997,808.40,4.4,9.6,14.8
A17,-122.7299,42.1519,1160,1998,1093.26,4.2,9.2,14.1
A17,-122.7299,42.1519,1160,1999,704.18,3.9,9.4,15.0
A17,-122.7299,42.1519,1160,2000,694.17,4.5,9.9,15.4
A17,-122.7299,42.1519,1160,2001,624.12,4.6,10.2,15.8
A17,-122.7299,42.1519,1160,2002,666.71,4.8,10.4,16.1
A17,-122.7299,42.1519,1160,2003,727.10,5.2,10.5,15.9
A17,-122.7299,42.1519,1160,2004,805.31,5.0,10.5,16.0
A17,-122.7299,42.1519,1160,2005,905.30,4.7,10.1,15.5
A17,-122.7299,42.1519,1160,2006,831.80,4.5,10.0,15.4
A17,-122.7299,42.1519,1160,2007,682.34,4.0,9.7,15.5
A17,-122.7299,42.1519,1160,2008,661.67,4.0,9.7,15.5
A17,-122.7299,42.1519,1160,2009,454.52,4.3,9.9,15.5
A17,-122.7299,42.1519,1160,2010,828.86,4.1,9.2,14.3
A17,-122.7299,42.1519,1160,2011,773.67,3.8,9.0,14.3
A17,-122.7299,42.1519,1160,2012,975.56,4.4,9.7,15.1
A17,-122.7299,42.1519,1160,2013,405.20,4.7,10.3,15.8
A17,-122.7299,42.1519,1160,2014,823.68,6.0,11.3,16.6
A17,-122.7299,42.1519,1160,2015,774.80,6.2,11.4,16.6
A17,-122.7299,42.1519,1160,2016,942.70,5.0,10.1,15.1
A17,-122.7299,42.1519,1160,2017,800.28,5.1,10.1,15.1
A17,-122.7299,42.1519,1160,2018,550.24,5.2,10.4,15.6
A17,-122.7299,42.1519,1160,2019,736.19,4.7,9.7,14.7
A17,-122.7299,42.1519,1160,2020,573.54,5.3,10.6,15.9
A17,-122.7299,42.1519,1160,2021,583.03,5.6,10.6,15.7
A17,-122.7299,42.1519,1160,2022,633.93,5.5,10.6,15.8
A17,-122.7299,42.1519,1160,2023,648.74,5.3,10.1,14.9
A17,-122.7299,42.1519,1160,2024,876.17,5.7,10.4,15.1
A18,-122.6990,42.1495,1153,1994,515.18,4.2,9.8,15.3
A18,-122.6990,42.1495,1153,1995,985.11,4.9,10.1,15.2
A18,-122.6990,42.1495,1153,1996,1113.86,4.7,10.1,15.5
A18,-122.6990,42.1495,1153,1997,693.52,4.4,9.7,14.9
A18,-122.6990,42.1495,1153,1998,976.63,4.3,9.2,14.2
A18,-122.6990,42.1495,1153,1999,620.48,4.0,9.5,15.0
A18,-122.6990,42.1495,1153,2000,626.20,4.6,9.9,15.3
A18,-122.6990,42.1495,1153,2001,553.93,4.6,10.3,15.9
A18,-122.6990,42.1495,1153,2002,599.23,4.8,10.5,16.1
A18,-122.6990,42.1495,1153,2003,634.26,5.2,10.6,15.9
A18,-122.6990,42.1495,1153,2004,694.12,5.1,10.5,16.0
A18,-122.6990,42.1495,1153,2005,799.32,4.8,10.2,15.6
A18,-122.6990,42.1495,1153,2006,714.80,4.6,10.0,15.5
A18,-122.6990,42.1495,1153,2007,635.35,4.1,9.8,15.5
A18,-122.6990,42.1495,1153,2008,572.74,4.0,9.8,15.5
A18,-122.6990,42.1495,1153,2009,433.34,4.3,10.0,15.5
A18,-122.6990,42.1495,1153,2010,716.94,4.1,9.2,14.3
A18,-122.6990,42.1495,1153,2011,657.89,3.8,9.1,14.3
A18,-122.6990,42.1495,1153,2012,861.56,4.4,9.8,15.2
A18,-122.6990,42.1495,1153,2013,360.23,4.7,10.3,15.9
A18,-122.6990,42.1495,1153,2014,722.53,6.0,11.3,16.7
A18,-122.6990,42.1495,1153,2015,710.12,6.2,11.4,16.6
A18,-122.6990,42.1495,1153,2016,814.98,5.0,10.1,15.2
A18,-122.6990,42.1495,1153,2017,687.79,5.1,10.1,15.2
A18,-122.6990,42.1495,1153,2018,480.08,5.2,10.5,15.7
A18,-122.6990,42.1495,1153,2019,644.91,4.7,9.8,14.8
A18,-122.6990,42.1495,1153,2020,507.55,5.3,10.7,16.0
A18,-122.6990,42.1495,1153,2021,520.17,5.7,10.8,15.9
A18,-122.6990,42.1495,1153,2022,597.63,5.5,10.8,16.0
A18,-122.6990,42.1495,1153,2023,588.88,5.3,10.2,15.0
A18,-122.6990,42.1495,1153,2024,779.80,5.8,10.5,15.2
A19,-122.7133,42.1493,950,1994,521.46,3.5,10.0,16.5
A19,-122.7133,42.1493,950,1995,989.98,4.5,10.5,16.5
A19,-122.7133,42.1493,950,1996,1127.77,4.2,10.5,16.8
A19,-122.7133,42.1493,950,1997,701.84,4.1,10.1,16.1
A19,-122.7133,42.1493,950,1998,985.69,4.0,9.7,15.4
A19,-122.7133,42.1493,950,1999,629.15,3.6,9.8,16.1
A19,-122.7133,42.1493,950,2000,632.20,4.3,10.3,16.3
A19,-122.7133,42.1493,950,2001,559.34,4.2,10.6,17.1
A19,-122.7133,42.1493,950,2002,603.84,4.1,10.7,17.2
A19,-122.7133,42.1493,950,2003,642.62,4.9,11.0,17.2
A19,-122.7133,42.1493,950,2004,705.76,4.6,10.8,17.1
A19,-122.7133,42.1493,950,2005,809.22,4.3,10.4,16.6
A19,-122.7133,42.1493,950,2006,725.85,4.1,10.3,16.5
A19,-122.7133,42.1493,950,2007,635.10,3.9,10.3,16.6
A19,-122.7133,42.1493,950,2008,582.43,3.7,10.1,16.5
A19,-122.7133,42.1493,950,2009,429.69,4.1,10.4,16.6
A19,-122.7133,42.1493,950,2010,727.04,4.0,9.7,15.5
A19,-122.7133,42.1493,950,2011,666.93,3.6,9.4,15.3
A19,-122.7133,42.1493,950,2012,867.14,4.3,10.3,16.3
A19,-122.7133,42.1493,950,2013,361.87,4.2,10.5,16.8
A19,-122.7133,42.1493,950,2014,736.35,5.9,11.9,17.9
A19,-122.7133,42.1493,950,2015,718.55,6.0,11.9,17.9
A19,-122.7133,42.1493,950,2016,834.46,4.9,10.7,16.5
A19,-122.7133,42.1493,950,2017,696.69,4.9,10.7,16.4
A19,-122.7133,42.1493,950,2018,486.48,4.9,10.9,16.9
A19,-122.7133,42.1493,950,2019,654.67,4.5,10.2,16.0
A19,-122.7133,42.1493,950,2020,512.71,5.0,11.1,17.2
A19,-122.7133,42.1493,950,2021,521.91,4.7,10.9,17.0
A19,-122.7133,42.1493,950,2022,603.14,4.4,10.8,17.1
A19,-122.7133,42.1493,950,2023,588.28,4.5,10.5,16.4
A19,-122.7133,42.1493,950,2024,796.74,5.8,11.2,16.5
A20,-122.6858,42.1481,1000,1994,463.99,4.6,10.5,16.4
A20,-122.6858,42.1481,1000,1995,947.91,5.4,10.9,16.4
A20,-122.6858,42.1481,1000,1996,1048.16,5.2,11.0,16.7
A20,-122.6858,42.1481,1000,1997,645.68,5.0,10.5,16.0
A20,-122.6858,42.1481,1000,1998,934.99,4.6,10.0,15.3
A20,-122.6858,42.1481,1000,1999,580.70,4.5,10.3,16.1
A20,-122.6858,42.1481,1000,2000,597.55,5.3,10.8,16.3
A20,-122.6858,42.1481,1000,2001,535.52,5.4,11.2,17.0
A20,-122.6858,42.1481,1000,2002,565.32,5.2,11.2,17.2
A20,-122.6858,42.1481,1000,2003,596.81,5.8,11.5,17.2
A20,-122.6858,42.1481,1000,2004,642.08,5.5,11.3,17.1
A20,-122.6858,42.1481,1000,2005,744.40,5.2,10.9,16.6
A20,-122.6858,42.1481,1000,2006,662.67,5.0,10.7,16.4
A20,-122.6858,42.1481,1000,2007,605.51,4.7,10.6,16.6
A20,-122.6858,42.1481,1000,2008,546.59,4.6,10.6,16.6
A20,-122.6858,42.1481,1000,2009,427.85,5.0,10.8,16.6
A20,-122.6858,42.1481,1000,2010,662.88,4.6,10.0,15.4
A20,-122.6858,42.1481,1000,2011,591.96,4.4,9.9,15.4
A20,-122.6858,42.1481,1000,2012,817.82,5.1,10.7,16.3
A20,-122.6858,42.1481,1000,2013,335.82,5.2,11.0,16.9
A20,-122.6858,42.1481,1000,2014,685.81,6.4,12.2,18.0
A20,-122.6858,42.1481,1000,2015,692.65,6.8,12.3,17.9
A20,-122.6858,42.1481,1000,2016,757.90,5.6,11.0,16.4
A20,-122.6858,42.1481,1000,2017,642.76,5.6,11.0,16.4
A20,-122.6858,42.1481,1000,2018,455.90,5.7,11.3,16.9
A20,-122.6858,42.1481,1000,2019,615.73,5.2,10.6,16.0
A20,-122.6858,42.1481,1000,2020,485.67,5.9,11.6,17.3
A20,-122.6858,42.1481,1000,2021,513.28,5.7,11.3,16.9
A20,-122.6858,42.1481,1000,2022,579.52,5.6,11.3,17.1
A20,-122.6858,42.1481,1000,2023,578.03,5.7,11.0,16.3
A20,-122.6858,42.1481,1000,2024,754.49,6.5,11.4,16.4
A21,-122.7434,42.1477,1404,1994,628.67,3.9,8.7,13.5
A21,-122.7434,42.1477,1404,1995,1178.68,4.5,9.1,13.6
A21,-122.7434,42.1477,1404,1996,1324.65,4.4,9.1,13.9
A21,-122.7434,42.1477,1404,1997,861.02,4.0,8.7,13.3
A21,-122.7434,42.1477,1404,1998,1155.02,3.7,8.2,12.6
A21,-122.7434,42.1477,1404,1999,745.11,3.6,8.5,13.5
A21,-122.7434,42.1477,1404,2000,726.25,4.0,8.9,13.7
A21,-122.7434,42.1477,1404,2001,661.64,4.3,9.2,14.2
A21,-122.7434,42.1477,1404,2002,699.31,4.5,9.5,14.5
A21,-122.7434,42.1477,1404,2003,764.71,4.9,9.6,14.3
A21,-122.7434,42.1477,1404,2004,858.49,4.4,9.5,14.6
A21,-122.7434,42.1477,1404,2005,955.36,4.4,9.2,14.1
A21,-122.7434,42.1477,1404,2006,887.39,4.2,9.1,13.9
A21,-122.7434,42.1477,1404,2007,706.39,3.8,8.9,14.1
A21,-122.7434,42.1477,1404,2008,707.14,3.8,8.9,13.9
A21,-122.7434,42.1477,1404,2009,471.43,4.2,9.1,14.1
A21,-122.7434,42.1477,1404,2010,874.47,3.7,8.2,12.6
A21,-122.7434,42.1477,1404,2011,803.18,3.7,8.2,12.8
A21,-122.7434,42.1477,1404,2012,1029.75,4.2,8.9,13.6
A21,-122.7434,42.1477,1404,2013,419.46,4.6,9.5,14.4
A21,-122.7434,42.1477,1404,2014,852.38,5.8,10.5,15.2
A21,-122.7434,42.1477,1404,2015,808.57,6.1,10.7,15.3
A21,-122.7434,42.1477,1404,2016,1004.37,4.6,9.2,13.7
A21,-122.7434,42.1477,1404,2017,867.25,5.1,9.4,13.8
A21,-122.7434,42.1477,1404,2018,578.99,5.0,9.7,14.4
A21,-122.7434,42.1477,1404,2019,774.06,4.3,8.8,13.3
A21,-122.7434,42.1477,1404,2020,601.78,4.9,9.7,14.5
A21,-122.7434,42.1477,1404,2021,620.32,5.6,9.9,14.3
A21,-122.7434,42.1477,1404,2022,652.88,5.2,9.9,14.5
A21,-122.7434,42.1477,1404,2023,689.39,4.7,9.0,13.3
A21,-122.7434,42.1477,1404,2024,920.56,5.4,9.6,13.7
A22,-122.6938,42.1449,1251,1994,565.45,4.8,9.6,14.4
A22,-122.6938,42.1449,1251,1995,1085.46,5.2,9.9,14.5
A22,-122.6938,42.1449,1251,1996,1214.44,5.2,10.0,14.8
A22,-122.6938,42.1449,1251,1997,758.20,5.0,9.7,14.3
A22,-122.6938,42.1449,1251,1998,1053.38,4.8,9.2,13.6
A22,-122.6938,42.1449,1251,1999,682.57,4.6,9.5,14.4
A22,-122.6938,42.1449,1251,2000,678.22,5.1,9.9,14.7
A22,-122.6938,42.1449,1251,2001,616.59,5.4,10.2,15.1
A22,-122.6938,42.1449,1251,2002,645.92,5.5,10.5,15.5
A22,-122.6938,42.1449,1251,2003,701.16,5.9,10.6,15.3
A22,-122.6938,42.1449,1251,2004,763.54,5.6,10.5,15.4
A22,-122.6938,42.1449,1251,2005,873.73,5.3,10.2,15.0
A22,-122.6938,42.1449,1251,2006,793.35,5.2,10.0,14.9
A22,-122.6938,42.1449,1251,2007,689.26,4.6,9.8,14.9
A22,-122.6938,42.1449,1251,2008,622.94,4.7,9.8,14.9
A22,-122.6938,42.1449,1251,2009,451.87,5.0,10.0,15.0
A22,-122.6938,42.1449,1251,2010,784.72,4.5,9.1,13.6
A22,-122.6938,42.1449,1251,2011,702.02,4.6,9.2,13.8
A22,-122.6938,42.1449,1251,2012,944.48,5.1,9.9,14.6
A22,-122.6938,42.1449,1251,2013,384.84,5.5,10.4,15.3
A22,-122.6938,42.1449,1251,2014,787.97,6.7,11.4,16.1
A22,-122.6938,42.1449,1251,2015,750.87,7.0,11.6,16.2
A22,-122.6938,42.1449,1251,2016,884.60,5.6,10.2,14.7
A22,-122.6938,42.1449,1251,2017,753.44,5.9,10.4,14.9
A22,-122.6938,42.1449,1251,2018,513.45,5.9,10.7,15.4
A22,-122.6938,42.1449,1251,2019,706.97,5.2,9.8,14.4
A22,-122.6938,42.1449,1251,2020,553.70,5.9,10.7,15.6
A22,-122.6938,42.1449,1251,2021,540.05,6.3,10.9,15.5
A22,-122.6938,42.1449,1251,2022,620.53,6.0,10.8,15.6
A22,-122.6938,42.1449,1251,2023,622.67,5.7,10.1,14.5
A22,-122.6938,42.1449,1251,2024,828.54,6.4,10.6,14.9
A23,-122.7253,42.1433,1123,1994,600.96,4.4,10.0,15.6
A23,-122.7253,42.1433,1123,1995,1125.57,5.2,10.3,15.4
A23,-122.7253,42.1433,1123,1996,1266.37,4.9,10.4,15.9
A23,-122.7253,42.1433,1123,1997,806.40,4.7,9.9,15.1
A23,-122.7253,42.1433,1123,1998,1098.11,4.5,9.5,14.4
A23,-122.7253,42.1433,1123,1999,712.86,4.2,9.7,15.3
A23,-122.7253,42.1433,1123,2000,702.44,4.8,10.3,15.7
A23,-122.7253,42.1433,1123,2001,638.82,5.0,10.6,16.1
A23,-122.7253,42.1433,1123,2002,669.60,5.0,10.7,16.4
A23,-122.7253,42.1433,1123,2003,740.24,5.5,10.8,16.2
A23,-122.7253,42.1433,1123,2004,812.76,5.3,10.8,16.3
A23,-122.7253,42.1433,1123,2005,909.21,5.0,10.4,15.8
A23,-122.7253,42.1433,1123,2006,839.91,4.8,10.2,15.6
A23,-122.7253,42.1433,1123,2007,691.44,4.3,10.0,15.8
A23,-122.7253,42.1433,1123,2008,660.56,4.3,10.0,15.8
A23,-122.7253,42.1433,1123,2009,451.69,4.6,10.2,15.8
A23,-122.7253,42.1433,1123,2010,828.44,4.3,9.5,14.6
A23,-122.7253,42.1433,1123,2011,766.54,4.1,9.3,14.5
A23,-122.7253,42.1433,1123,2012,985.99,4.7,10.1,15.4
A23,-122.7253,42.1433,1123,2013,408.64,4.9,10.5,16.1
A23,-122.7253,42.1433,1123,2014,835.80,6.2,11.6,16.9
A23,-122.7253,42.1433,1123,2015,782.58,6.5,11.7,16.9
A23,-122.7253,42.1433,1123,2016,934.97,5.3,10.4,15.4
A23,-122.7253,42.1433,1123,2017,807.59,5.4,10.4,15.4
A23,-122.7253,42.1433,1123,2018,541.22,5.5,10.7,15.9
A23,-122.7253,42.1433,1123,2019,738.30,5.0,10.0,15.0
A23,-122.7253,42.1433,1123,2020,575.23,5.6,10.9,16.2
A23,-122.7253,42.1433,1123,2021,565.60,5.6,10.8,16.0
A23,-122.7253,42.1433,1123,2022,635.58,5.4,10.8,16.2
A23,-122.7253,42.1433,1123,2023,630.02,5.5,10.4,15.3
A23,-122.7253,42.1433,1123,2024,857.17,6.2,10.9,15.5
A24,-122.7164,42.1419,1048,1994,584.35,4.4,10.2,16.1
A24,-122.7164,42.1419,1048,1995,1097.74,5.1,10.6,16.0
A24,-122.7164,42.1419,1048,1996,1237.95,5.0,10.7,16.4
A24,-122.7164,42.1419,1048,1997,783.22,4.8,10.2,15.6
A24,-122.7164,42.1419,1048,1998,1076.89,4.5,9.8,15.0
A24,-122.7164,42.1419,1048,1999,694.44,4.3,10.0,15.7
A24,-122.7164,42.1419,1048,2000,689.14,4.9,10.5,16.0
A24,-122.7164,42.1419,1048,2001,623.80,5.1,10.9,16.6
A24,-122.7164,42.1419,1048,2002,655.39,5.1,10.9,16.8
A24,-122.7164,42.1419,1048,2003,721.17,5.6,11.2,16.8
A24,-122.7164,42.1419,1048,2004,790.12,5.4,11.1,16.8
A24,-122.7164,42.1419,1048,2005,887.39,5.0,10.6,16.2
A24,-122.7164,42.1419,1048,2006,816.58,4.9,10.5,16.1
A24,-122.7164,42.1419,1048,2007,679.78,4.6,10.4,16.2
A24,-122.7164,42.1419,1048,2008,641.82,4.5,10.4,16.2
A24,-122.7164,42.1419,1048,2009,448.08,4.9,10.6,16.2
A24,-122.7164,42.1419,1048,2010,808.08,4.5,9.8,15.1
A24,-122.7164,42.1419,1048,2011,743.58,4.3,9.6,15.0
A24,-122.7164,42.1419,1048,2012,960.22,5.0,10.4,15.9
A24,-122.7164,42.1419,1048,2013,398.01,5.1,10.8,16.6
A24,-122.7164,42.1419,1048,2014,810.02,6.4,12.0,17.5
A24,-122.7164,42.1419,1048,2015,768.25,6.7,12.1,17.5
A24,-122.7164,42.1419,1048,2016,908.62,5.5,10.8,16.0
A24,-122.7164,42.1419,1048,2017,781.13,5.5,10.8,16.0
A24,-122.7164,42.1419,1048,2018,527.24,5.6,11.1,16.5
A24,-122.7164,42.1419,1048,2019,719.01,5.2,10.4,15.6
A24,-122.7164,42.1419,1048,2020,559.77,5.7,11.3,16.9
A24,-122.7164,42.1419,1048,2021,545.36,5.8,11.2,16.6
A24,-122.7164,42.1419,1048,2022,626.22,5.5,11.1,16.7
A24,-122.7164,42.1419,1048,2023,615.31,5.5,10.7,15.9
A24,-122.7164,42.1419,1048,2024,828.02,6.4,11.2,16.0
A25,-122.7322,42.1418,1239,1994,604.05,3.9,9.3,14.8
A25,-122.7322,42.1418,1239,1995,1134.98,4.6,9.6,14.6
A25,-122.7322,42.1418,1239,1996,1273.54,4.6,9.8,15.0
A25,-122.7322,42.1418,1239,1997,821.09,4.2,9.2,14.3
A25,-122.7322,42.1418,1239,1998,1103.81,3.9,8.7,13.6
A25,-122.7322,42.1418,1239,1999,715.63,3.7,9.1,14.5
A25,-122.7322,42.1418,1239,2000,703.79,4.0,9.5,14.9
A25,-122.7322,42.1418,1239,2001,639.01,4.3,9.9,15.4
A25,-122.7322,42.1418,1239,2002,673.50,4.4,9.9,15.6
A25,-122.7322,42.1418,1239,2003,739.13,5.0,10.1,15.3
A25,-122.7322,42.1418,1239,2004,822.21,4.8,10.2,15.5
A25,-122.7322,42.1418,1239,2005,911.72,4.4,9.8,15.2
A25,-122.7322,42.1418,1239,2006,844.59,4.1,9.5,14.9
A25,-122.7322,42.1418,1239,2007,690.16,3.7,9.3,15.0
A25,-122.7322,42.1418,1239,2008,670.75,3.9,9.4,15.0
A25,-122.7322,42.1418,1239,2009,457.77,4.1,9.7,15.3
A25,-122.7322,42.1418,1239,2010,839.69,3.8,8.9,14.0
A25,-122.7322,42.1418,1239,2011,775.75,3.6,8.7,13.7
A25,-122.7322,42.1418,1239,2012,991.86,4.3,9.4,14.6
A25,-122.7322,42.1418,1239,2013,409.03,4.6,9.9,15.2
A25,-122.7322,42.1418,1239,2014,836.87,5.8,11.0,16.1
A25,-122.7322,42.1418,1239,2015,784.01,6.1,11.1,16.1
A25,-122.7322,42.1418,1239,2016,950.06,4.9,9.7,14.6
A25,-122.7322,42.1418,1239,2017,809.89,5.0,9.8,14.6
A25,-122.7322,42.1418,1239,2018,553.47,5.1,10.1,15.2
A25,-122.7322,42.1418,1239,2019,746.10,4.5,9.3,14.2
A25,-122.7322,42.1418,1239,2020,578.91,5.1,10.2,15.4
A25,-122.7322,42.1418,1239,2021,586.13,5.5,10.4,15.3
A25,-122.7322,42.1418,1239,2022,636.53,5.3,10.3,15.4
A25,-122.7322,42.1418,1239,2023,655.80,5.1,9.7,14.3
A25,-122.7322,42.1418,1239,2024,892.02,5.7,10.2,14.7
A26,-122.7131,42.1412,1048,1994,584.35,4.4,10.2,16.1
A26,-122.7131,42.1412,1048,1995,1097.74,5.1,10.6,16.0
A26,-122.7131,42.1412,1048,1996,1237.95,5.0,10.7,16.4
A26,-122.7131,42.1412,1048,1997,783.22,4.8,10.2,15.6
A26,-122.7131,42.1412,1048,1998,1076.89,4.5,9.8,15.0
A26,-122.7131,42.1412,1048,1999,694.44,4.3,10.0,15.7
A26,-122.7131,42.1412,1048,2000,689.14,4.9,10.5,16.0
A26,-122.7131,42.1412,1048,2001,623.80,5.1,10.9,16.6
A26,-122.7131,42.1412,1048,2002,655.39,5.1,10.9,16.8
A26,-122.7131,42.1412,1048,2003,721.17,5.6,11.2,16.8
A26,-122.7131,42.1412,1048,2004,790.12,5.4,11.1,16.8
A26,-122.7131,42.1412,1048,2005,887.39,5.0,10.6,16.2
A26,-122.7131,42.1412,1048,2006,816.58,4.9,10.5,16.1
A26,-122.7131,42.1412,1048,2007,679.78,4.6,10.4,16.2
A26,-122.7131,42.1412,1048,2008,641.82,4.5,10.4,16.2
A26,-122.7131,42.1412,1048,2009,448.08,4.9,10.6,16.2
A26,-122.7131,42.1412,1048,2010,808.08,4.5,9.8,15.1
A26,-122.7131,42.1412,1048,2011,743.58,4.3,9.6,15.0
A26,-122.7131,42.1412,1048,2012,960.22,5.0,10.4,15.9
A26,-122.7131,42.1412,1048,2013,398.01,5.1,10.8,16.6
A26,-122.7131,42.1412,1048,2014,810.02,6.4,12.0,17.5
A26,-122.7131,42.1412,1048,2015,768.25,6.7,12.1,17.5
A26,-122.7131,42.1412,1048,2016,908.62,5.5,10.8,16.0
A26,-122.7131,42.1412,1048,2017,781.13,5.5,10.8,16.0
A26,-122.7131,42.1412,1048,2018,527.24,5.6,11.1,16.5
A26,-122.7131,42.1412,1048,2019,719.01,5.2,10.4,15.6
A26,-122.7131,42.1412,1048,2020,559.77,5.7,11.3,16.9
A26,-122.7131,42.1412,1048,2021,545.36,5.8,11.2,16.6
A26,-122.7131,42.1412,1048,2022,626.22,5.5,11.1,16.7
A26,-122.7131,42.1412,1048,2023,615.31,5.5,10.7,15.9
A26,-122.7131,42.1412,1048,2024,828.02,6.4,11.2,16.0

A27,-122.7266,42.1398,1123,1994,600.96,4.4,10.0,15.6
A27,-122.7266,42.1398,1123,1995,1125.57,5.2,10.3,15.4
A27,-122.7266,42.1398,1123,1996,1266.37,4.9,10.4,15.9
A27,-122.7266,42.1398,1123,1997,806.40,4.7,9.9,15.1
A27,-122.7266,42.1398,1123,1998,1098.11,4.5,9.5,14.4
A27,-122.7266,42.1398,1123,1999,712.86,4.2,9.7,15.3
A27,-122.7266,42.1398,1123,2000,702.44,4.8,10.3,15.7
A27,-122.7266,42.1398,1123,2001,638.82,5.0,10.6,16.1
A27,-122.7266,42.1398,1123,2002,669.60,5.0,10.7,16.4
A27,-122.7266,42.1398,1123,2003,740.24,5.5,10.8,16.2
A27,-122.7266,42.1398,1123,2004,812.76,5.3,10.8,16.3
A27,-122.7266,42.1398,1123,2005,909.21,5.0,10.4,15.8
A27,-122.7266,42.1398,1123,2006,839.91,4.8,10.2,15.6
A27,-122.7266,42.1398,1123,2007,691.44,4.3,10.0,15.8
A27,-122.7266,42.1398,1123,2008,660.56,4.3,10.0,15.8
A27,-122.7266,42.1398,1123,2009,451.69,4.6,10.2,15.8
A27,-122.7266,42.1398,1123,2010,828.44,4.3,9.5,14.6
A27,-122.7266,42.1398,1123,2011,766.54,4.1,9.3,14.5
A27,-122.7266,42.1398,1123,2012,985.99,4.7,10.1,15.4
A27,-122.7266,42.1398,1123,2013,408.64,4.9,10.5,16.1
A27,-122.7266,42.1398,1123,2014,835.80,6.2,11.6,16.9
A27,-122.7266,42.1398,1123,2015,782.58,6.5,11.7,16.9
A27,-122.7266,42.1398,1123,2016,934.97,5.3,10.4,15.4
A27,-122.7266,42.1398,1123,2017,807.59,5.4,10.4,15.4
A27,-122.7266,42.1398,1123,2018,541.22,5.5,10.7,15.9
A27,-122.7266,42.1398,1123,2019,738.30,5.0,10.0,15.0
A27,-122.7266,42.1398,1123,2020,575.23,5.6,10.9,16.2
A27,-122.7266,42.1398,1123,2021,565.60,5.6,10.8,16.0
A27,-122.7266,42.1398,1123,2022,635.58,5.4,10.8,16.2
A27,-122.7266,42.1398,1123,2023,630.02,5.5,10.4,15.3
A27,-122.7266,42.1398,1123,2024,857.17,6.2,10.9,15.5

A28,-122.6731,42.1383,1061,1994,478.63,4.5,10.2,15.9
A28,-122.6731,42.1383,1061,1995,980.39,5.3,10.6,15.9
A28,-122.6731,42.1383,1061,1996,1080.80,5.1,10.7,16.2
A28,-122.6731,42.1383,1061,1997,666.65,4.9,10.3,15.6
A28,-122.6731,42.1383,1061,1998,960.56,4.6,9.7,14.9
A28,-122.6731,42.1383,1061,1999,598.68,4.4,10.0,15.7
A28,-122.6731,42.1383,1061,2000,615.62,5.1,10.6,16.0
A28,-122.6731,42.1383,1061,2001,555.82,5.2,10.9,16.6
A28,-122.6731,42.1383,1061,2002,579.81,5.2,11.0,16.9
A28,-122.6731,42.1383,1061,2003,614.58,5.6,11.2,16.8
A28,-122.6731,42.1383,1061,2004,660.19,5.4,11.1,16.7
A28,-122.6731,42.1383,1061,2005,757.49,5.1,10.7,16.3
A28,-122.6731,42.1383,1061,2006,686.20,5.0,10.5,16.0
A28,-122.6731,42.1383,1061,2007,624.21,4.5,10.4,16.2
A28,-122.6731,42.1383,1061,2008,564.51,4.4,10.3,16.1
A28,-122.6731,42.1383,1061,2009,431.92,4.8,10.5,16.2
A28,-122.6731,42.1383,1061,2010,678.62,4.4,9.7,15.0
A28,-122.6731,42.1383,1061,2011,594.45,4.2,9.6,15.0
A28,-122.6731,42.1383,1061,2012,845.42,4.8,10.4,15.9
A28,-122.6731,42.1383,1061,2013,342.19,5.0,10.8,16.7
A28,-122.6731,42.1383,1061,2014,706.06,6.3,11.9,17.5
A28,-122.6731,42.1383,1061,2015,691.81,6.6,12.0,17.4
A28,-122.6731,42.1383,1061,2016,772.57,5.5,10.7,15.9
A28,-122.6731,42.1383,1061,2017,660.73,5.4,10.7,15.9
A28,-122.6731,42.1383,1061,2018,463.19,5.6,11.0,16.4
A28,-122.6731,42.1383,1061,2019,628.28,5.1,10.3,15.5
A28,-122.6731,42.1383,1061,2020,495.17,5.9,11.4,16.9
A28,-122.6731,42.1383,1061,2021,517.05,5.7,11.1,16.5
A28,-122.6731,42.1383,1061,2022,588.58,5.5,11.1,16.7
A28,-122.6731,42.1383,1061,2023,600.95,5.7,10.8,15.8
A28,-122.6731,42.1383,1061,2024,790.57,6.3,11.1,15.9

A29,-122.7115,42.1382,1219,1994,582.75,4.0,9.5,14.9
A29,-122.7115,42.1382,1219,1995,1094.42,4.7,9.8,14.8
A29,-122.7115,42.1382,1219,1996,1235.85,4.6,9.9,15.1
A29,-122.7115,42.1382,1219,1997,778.69,4.4,9.4,14.5
A29,-122.7115,42.1382,1219,1998,1072.47,4.2,9.0,13.8
A29,-122.7115,42.1382,1219,1999,694.52,3.9,9.3,14.6
A29,-122.7115,42.1382,1219,2000,688.20,4.5,9.7,14.9
A29,-122.7115,42.1382,1219,2001,624.05,4.6,10.0,15.5
A29,-122.7115,42.1382,1219,2002,654.40,4.7,10.2,15.7
A29,-122.7115,42.1382,1219,2003,718.17,5.2,10.4,15.5
A29,-122.7115,42.1382,1219,2004,788.08,5.0,10.3,15.6
A29,-122.7115,42.1382,1219,2005,883.69,4.7,9.9,15.1
A29,-122.7115,42.1382,1219,2006,812.86,4.5,9.8,15.1
A29,-122.7115,42.1382,1219,2007,689.94,4.1,9.6,15.1
A29,-122.7115,42.1382,1219,2008,637.25,4.0,9.6,15.1
A29,-122.7115,42.1382,1219,2009,449.45,4.3,9.7,15.1
A29,-122.7115,42.1382,1219,2010,802.85,4.1,9.0,13.9
A29,-122.7115,42.1382,1219,2011,736.16,3.8,8.9,13.9
A29,-122.7115,42.1382,1219,2012,960.22,4.5,9.6,14.8
A29,-122.7115,42.1382,1219,2013,396.17,4.7,10.1,15.4
A29,-122.7115,42.1382,1219,2014,808.23,6.0,11.1,16.3
A29,-122.7115,42.1382,1219,2015,764.42,6.2,11.3,16.3
A29,-122.7115,42.1382,1219,2016,908.88,5.1,9.9,14.8
A29,-122.7115,42.1382,1219,2017,775.20,5.2,10.0,14.9
A29,-122.7115,42.1382,1219,2018,524.74,5.2,10.3,15.4
A29,-122.7115,42.1382,1219,2019,715.13,4.7,9.5,14.4
A29,-122.7115,42.1382,1219,2020,557.66,5.3,10.5,15.7
A29,-122.7115,42.1382,1219,2021,539.91,5.7,10.6,15.5
A29,-122.7115,42.1382,1219,2022,620.89,5.4,10.5,15.7
A29,-122.7115,42.1382,1219,2023,610.87,5.2,9.9,14.5
A29,-122.7115,42.1382,1219,2024,828.74,5.7,10.2,14.8

A30,-122.7090,42.1380,1219,1994,582.75,4.0,9.5,14.9
A30,-122.7090,42.1380,1219,1995,1094.42,4.7,9.8,14.8
A30,-122.7090,42.1380,1219,1996,1235.85,4.6,9.9,15.1
A30,-122.7090,42.1380,1219,1997,778.69,4.4,9.4,14.5
A30,-122.7090,42.1380,1219,1998,1072.47,4.2,9.0,13.8
A30,-122.7090,42.1380,1219,1999,694.52,3.9,9.3,14.6
A30,-122.7090,42.1380,1219,2000,688.20,4.5,9.7,14.9
A30,-122.7090,42.1380,1219,2001,624.05,4.6,10.0,15.5
A30,-122.7090,42.1380,1219,2002,654.40,4.7,10.2,15.7
A30,-122.7090,42.1380,1219,2003,718.17,5.2,10.4,15.5
A30,-122.7090,42.1380,1219,2004,788.08,5.0,10.3,15.6
A30,-122.7090,42.1380,1219,2005,883.69,4.7,9.9,15.1
A30,-122.7090,42.1380,1219,2006,812.86,4.5,9.8,15.1
A30,-122.7090,42.1380,1219,2007,689.94,4.1,9.6,15.1
A30,-122.7090,42.1380,1219,2008,637.25,4.0,9.6,15.1
A30,-122.7090,42.1380,1219,2009,449.45,4.3,9.7,15.1
A30,-122.7090,42.1380,1219,2010,802.85,4.1,9.0,13.9
A30,-122.7090,42.1380,1219,2011,736.16,3.8,8.9,13.9
A30,-122.7090,42.1380,1219,2012,960.22,4.5,9.6,14.8
A30,-122.7090,42.1380,1219,2013,396.17,4.7,10.1,15.4
A30,-122.7090,42.1380,1219,2014,808.23,6.0,11.1,16.3
A30,-122.7090,42.1380,1219,2015,764.42,6.2,11.3,16.3
A30,-122.7090,42.1380,1219,2016,908.88,5.1,9.9,14.8
A30,-122.7090,42.1380,1219,2017,775.20,5.2,10.0,14.9
A30,-122.7090,42.1380,1219,2018,524.74,5.2,10.3,15.4
A30,-122.7090,42.1380,1219,2019,715.13,4.7,9.5,14.4
A30,-122.7090,42.1380,1219,2020,557.66,5.3,10.5,15.7
A30,-122.7090,42.1380,1219,2021,539.91,5.7,10.6,15.5
A30,-122.7090,42.1380,1219,2022,620.89,5.4,10.5,15.7
A30,-122.7090,42.1380,1219,2023,610.87,5.2,9.9,14.5
A30,-122.7090,42.1380,1219,2024,828.74,5.7,10.2,14.8

A31,-122.6733,42.1354,1301,1994,525.53,5.1,9.6,14.2
A31,-122.6733,42.1354,1301,1995,1065.29,5.5,9.8,14.2
A31,-122.6733,42.1354,1301,1996,1167.62,5.5,10.0,14.5
A31,-122.6733,42.1354,1301,1997,730.88,5.3,9.7,14.1
A31,-122.6733,42.1354,1301,1998,1024.43,5.0,9.1,13.3
A31,-122.6733,42.1354,1301,1999,655.27,4.9,9.5,14.1
A31,-122.6733,42.1354,1301,2000,660.07,5.4,9.9,14.5
A31,-122.6733,42.1354,1301,2001,606.09,5.7,10.2,14.8
A31,-122.6733,42.1354,1301,2002,622.83,5.8,10.5,15.3
A31,-122.6733,42.1354,1301,2003,675.07,6.2,10.6,15.1
A31,-122.6733,42.1354,1301,2004,725.07,5.9,10.5,15.2
A31,-122.6733,42.1354,1301,2005,824.16,5.6,10.2,14.8
A31,-122.6733,42.1354,1301,2006,758.72,5.5,10.0,14.6
A31,-122.6733,42.1354,1301,2007,665.67,4.8,9.8,14.8
A31,-122.6733,42.1354,1301,2008,616.17,5.0,9.8,14.7
A31,-122.6733,42.1354,1301,2009,450.28,5.2,10.0,14.8
A31,-122.6733,42.1354,1301,2010,739.53,4.8,9.1,13.4
A31,-122.6733,42.1354,1301,2011,656.69,4.8,9.2,13.5
A31,-122.6733,42.1354,1301,2012,929.20,5.4,9.9,14.3
A31,-122.6733,42.1354,1301,2013,371.23,5.8,10.4,15.0
A31,-122.6733,42.1354,1301,2014,764.76,7.0,11.4,15.9
A31,-122.6733,42.1354,1301,2015,729.29,7.3,11.6,16.0
A31,-122.6733,42.1354,1301,2016,844.67,5.8,10.1,14.5
A31,-122.6733,42.1354,1301,2017,725.78,6.3,10.5,14.7
A31,-122.6733,42.1354,1301,2018,497.67,6.2,10.7,15.2
A31,-122.6733,42.1354,1301,2019,685.95,5.5,9.8,14.1
A31,-122.6733,42.1354,1301,2020,532.82,6.1,10.7,15.3
A31,-122.6733,42.1354,1301,2021,541.12,6.4,10.8,15.2
A31,-122.6733,42.1354,1301,2022,599.24,6.0,10.7,15.3
A31,-122.6733,42.1354,1301,2023,627.20,5.6,9.9,14.2
A31,-122.6733,42.1354,1301,2024,842.32,6.3,10.5,14.6

A32,-122.6868,42.1346,1363,1994,559.88,4.8,9.3,13.7
A32,-122.6868,42.1346,1363,1995,1087.47,5.2,9.5,13.8
A32,-122.6868,42.1346,1363,1996,1208.02,5.2,9.6,14.0
A32,-122.6868,42.1346,1363,1997,761.99,5.0,9.4,13.7
A32,-122.6868,42.1346,1363,1998,1052.16,4.7,8.8,12.9
A32,-122.6868,42.1346,1363,1999,681.42,4.5,9.1,13.7
A32,-122.6868,42.1346,1363,2000,679.88,5.0,9.5,14.0
A32,-122.6868,42.1346,1363,2001,618.98,5.4,9.9,14.4
A32,-122.6868,42.1346,1363,2002,640.03,5.5,10.2,14.8
A32,-122.6868,42.1346,1363,2003,699.47,5.9,10.3,14.6
A32,-122.6868,42.1346,1363,2004,761.91,5.4,10.1,14.8
A32,-122.6868,42.1346,1363,2005,868.27,5.3,9.8,14.3
A32,-122.6868,42.1346,1363,2006,790.40,5.2,9.7,14.2
A32,-122.6868,42.1346,1363,2007,693.47,4.6,9.5,14.4
A32,-122.6868,42.1346,1363,2008,631.35,4.6,9.4,14.3
A32,-122.6868,42.1346,1363,2009,456.30,5.0,9.7,14.3
A32,-122.6868,42.1346,1363,2010,783.09,4.5,8.7,13.0
A32,-122.6868,42.1346,1363,2011,703.78,4.6,8.8,13.1
A32,-122.6868,42.1346,1363,2012,947.30,5.2,9.6,13.9
A32,-122.6868,42.1346,1363,2013,388.58,5.5,10.1,14.6
A32,-122.6868,42.1346,1363,2014,787.44,6.7,11.1,15.5
A32,-122.6868,42.1346,1363,2015,744.26,7.0,11.3,15.5
A32,-122.6868,42.1346,1363,2016,880.87,5.5,9.8,14.0
A32,-122.6868,42.1346,1363,2017,755.39,6.0,10.1,14.2
A32,-122.6868,42.1346,1363,2018,516.00,5.9,10.4,14.8
A32,-122.6868,42.1346,1363,2019,710.30,5.2,9.4,13.7
A32,-122.6868,42.1346,1363,2020,551.92,5.9,10.4,14.9
A32,-122.6868,42.1346,1363,2021,554.96,6.2,10.5,14.7
A32,-122.6868,42.1346,1363,2022,621.98,5.8,10.3,14.9
A32,-122.6868,42.1346,1363,2023,646.55,5.4,9.5,13.7
A32,-122.6868,42.1346,1363,2024,868.80,6.1,10.1,14.1

A33,-122.7129,42.1293,1335,1994,587.53,4.7,9.3,14.0
A33,-122.7129,42.1293,1335,1995,1106.81,5.2,9.6,14.0
A33,-122.7129,42.1293,1335,1996,1242.69,5.1,9.7,14.4
A33,-122.7129,42.1293,1335,1997,791.25,4.9,9.4,13.8
A33,-122.7129,42.1293,1335,1998,1081.17,4.6,8.8,13.0
A33,-122.7129,42.1293,1335,1999,696.74,4.4,9.2,13.9
A33,-122.7129,42.1293,1335,2000,691.40,4.9,9.6,14.2
A33,-122.7129,42.1293,1335,2001,626.35,5.2,9.9,14.6
A33,-122.7129,42.1293,1335,2002,661.19,5.4,10.2,14.9
A33,-122.7129,42.1293,1335,2003,719.16,5.7,10.2,14.8
A33,-122.7129,42.1293,1335,2004,795.17,5.3,10.1,14.9
A33,-122.7129,42.1293,1335,2005,888.69,5.1,9.8,14.5
A33,-122.7129,42.1293,1335,2006,822.68,5.0,9.7,14.3
A33,-122.7129,42.1293,1335,2007,682.69,4.5,9.5,14.5
A33,-122.7129,42.1293,1335,2008,647.80,4.6,9.5,14.4
A33,-122.7129,42.1293,1335,2009,450.83,5.0,9.8,14.6
A33,-122.7129,42.1293,1335,2010,814.66,4.4,8.8,13.2
A33,-122.7129,42.1293,1335,2011,749.36,4.5,8.9,13.3
A33,-122.7129,42.1293,1335,2012,971.16,5.0,9.6,14.1
A33,-122.7129,42.1293,1335,2013,398.36,5.4,10.1,14.8
A33,-122.7129,42.1293,1335,2014,807.29,6.6,11.1,15.6
A33,-122.7129,42.1293,1335,2015,764.28,6.9,11.3,15.7
A33,-122.7129,42.1293,1335,2016,921.20,5.4,9.8,14.2
A33,-122.7129,42.1293,1335,2017,790.11,5.9,10.1,14.3
A33,-122.7129,42.1293,1335,2018,533.68,5.8,10.3,14.9
A33,-122.7129,42.1293,1335,2019,726.96,5.1,9.4,13.8
A33,-122.7129,42.1293,1335,2020,565.09,5.7,10.3,15.0
A33,-122.7129,42.1293,1335,2021,573.97,6.1,10.6,15.0
A33,-122.7129,42.1293,1335,2022,640.00,5.8,10.4,15.1
A33,-122.7129,42.1293,1335,2023,642.95,5.4,9.7,14.0
A33,-122.7129,42.1293,1335,2024,869.24,6.1,10.3,14.4

A34,-122.7205,42.1281,1273,1994,607.09,3.8,9.2,14.5
A34,-122.7205,42.1281,1273,1995,1150.54,4.5,9.4,14.4
A34,-122.7205,42.1281,1273,1996,1287.25,4.5,9.7,14.8
A34,-122.7205,42.1281,1273,1997,823.55,4.1,9.1,14.1
A34,-122.7205,42.1281,1273,1998,1126.13,3.8,8.6,13.4
A34,-122.7205,42.1281,1273,1999,724.62,3.6,8.9,14.3
A34,-122.7205,42.1281,1273,2000,714.91,3.9,9.3,14.7
A34,-122.7205,42.1281,1273,2001,653.29,4.3,9.7,15.2
A34,-122.7205,42.1281,1273,2002,683.47,4.3,9.8,15.4
A34,-122.7205,42.1281,1273,2003,745.83,4.9,10.0,15.2
A34,-122.7205,42.1281,1273,2004,825.23,4.7,10.0,15.3
A34,-122.7205,42.1281,1273,2005,918.89,4.2,9.6,15.0
A34,-122.7205,42.1281,1273,2006,860.06,4.0,9.4,14.7
A34,-122.7205,42.1281,1273,2007,704.03,3.6,9.2,14.9
A34,-122.7205,42.1281,1273,2008,673.18,3.8,9.3,14.8
A34,-122.7205,42.1281,1273,2009,465.94,4.0,9.5,15.1
A34,-122.7205,42.1281,1273,2010,840.94,3.8,8.7,13.7
A34,-122.7205,42.1281,1273,2011,771.24,3.6,8.6,13.5
A34,-122.7205,42.1281,1273,2012,1005.49,4.2,9.3,14.4
A34,-122.7205,42.1281,1273,2013,409.78,4.5,9.8,15.1
A34,-122.7205,42.1281,1273,2014,835.45,5.8,10.9,16.0
A34,-122.7205,42.1281,1273,2015,782.07,6.0,11.0,16.0
A34,-122.7205,42.1281,1273,2016,959.29,4.8,9.6,14.4
A34,-122.7205,42.1281,1273,2017,826.69,4.9,9.7,14.5
A34,-122.7205,42.1281,1273,2018,554.68,5.0,10.0,15.1
A34,-122.7205,42.1281,1273,2019,760.34,4.4,9.2,14.0
A34,-122.7205,42.1281,1273,2020,582.61,5.0,10.1,15.2
A34,-122.7205,42.1281,1273,2021,589.52,5.5,10.3,15.2
A34,-122.7205,42.1281,1273,2022,656.04,5.1,10.2,15.2
A34,-122.7205,42.1281,1273,2023,677.62,4.7,9.4,14.1
A34,-122.7205,42.1281,1273,2024,910.75,5.2,9.8,14.4

A35,-122.6939,42.1277,1332,1994,630.85,4.9,9.4,14.0
A35,-122.6939,42.1277,1332,1995,1191.26,5.2,9.6,14.0
A35,-122.6939,42.1277,1332,1996,1324.74,5.2,9.8,14.4
A35,-122.6939,42.1277,1332,1997,845.17,5.2,9.5,13.9
A35,-122.6939,42.1277,1332,1998,1146.45,4.8,8.9,13.0
A35,-122.6939,42.1277,1332,1999,755.78,4.6,9.3,14.0
A35,-122.6939,42.1277,1332,2000,734.31,5.2,9.7,14.3
A35,-122.6939,42.1277,1332,2001,682.51,5.5,10.1,14.7
A35,-122.6939,42.1277,1332,2002,702.82,5.6,10.4,15.1
A35,-122.6939,42.1277,1332,2003,779.65,6.0,10.4,14.9
A35,-122.6939,42.1277,1332,2004,851.94,5.6,10.3,15.0
A35,-122.6939,42.1277,1332,2005,949.48,5.4,10.0,14.5
A35,-122.6939,42.1277,1332,2006,884.08,5.2,9.8,14.4
A35,-122.6939,42.1277,1332,2007,742.46,4.7,9.6,14.6
A35,-122.6939,42.1277,1332,2008,690.39,4.7,9.6,14.5
A35,-122.6939,42.1277,1332,2009,471.71,5.1,9.8,14.6
A35,-122.6939,42.1277,1332,2010,870.12,4.6,8.9,13.2
A35,-122.6939,42.1277,1332,2011,790.46,4.6,9.0,13.3
A35,-122.6939,42.1277,1332,2012,1047.23,5.2,9.7,14.2
A35,-122.6939,42.1277,1332,2013,424.30,5.6,10.2,14.8
A35,-122.6939,42.1277,1332,2014,863.44,6.8,11.2,15.7
A35,-122.6939,42.1277,1332,2015,804.56,7.1,11.4,15.7
A35,-122.6939,42.1277,1332,2016,974.13,5.6,9.9,14.2
A35,-122.6939,42.1277,1332,2017,843.00,6.1,10.2,14.4
A35,-122.6939,42.1277,1332,2018,562.46,6.0,10.5,14.9
A35,-122.6939,42.1277,1332,2019,774.04,5.3,9.6,13.9
A35,-122.6939,42.1277,1332,2020,607.59,5.9,10.5,15.1
A35,-122.6939,42.1277,1332,2021,595.93,6.4,10.7,14.9
A35,-122.6939,42.1277,1332,2022,650.23,5.9,10.5,15.1
A35,-122.6939,42.1277,1332,2023,686.35,5.5,9.7,13.9
A35,-122.6939,42.1277,1332,2024,937.29,6.2,10.3,14.4

A36,-122.7469,42.1273,1421,1994,763.25,4.0,8.6,13.1
A36,-122.7469,42.1273,1421,1995,1499.04,4.5,8.9,13.2
A36,-122.7469,42.1273,1421,1996,1638.24,4.5,9.0,13.6
A36,-122.7469,42.1273,1421,1997,1061.61,4.2,8.6,13.0
A36,-122.7469,42.1273,1421,1998,1469.19,3.9,8.1,12.2
A36,-122.7469,42.1273,1421,1999,962.56,3.7,8.5,13.1
A36,-122.7469,42.1273,1421,2000,896.57,4.2,8.8,13.4
A36,-122.7469,42.1273,1421,2001,874.46,4.6,9.2,13.8
A36,-122.7469,42.1273,1421,2002,855.72,4.7,9.5,14.2
A36,-122.7469,42.1273,1421,2003,962.99,5.1,9.5,14.0
A36,-122.7469,42.1273,1421,2004,1093.41,4.6,9.4,14.1
A36,-122.7469,42.1273,1421,2005,1221.90,4.5,9.1,13.7
A36,-122.7469,42.1273,1421,2006,1174.27,4.4,9.0,13.6
A36,-122.7469,42.1273,1421,2007,840.04,3.9,8.8,13.7
A36,-122.7469,42.1273,1421,2008,875.09,3.9,8.8,13.6
A36,-122.7469,42.1273,1421,2009,633.29,4.3,9.0,13.7
A36,-122.7469,42.1273,1421,2010,1100.33,3.8,8.0,12.3
A36,-122.7469,42.1273,1421,2011,983.14,3.8,8.1,12.5
A36,-122.7469,42.1273,1421,2012,1351.27,4.4,8.9,13.3
A36,-122.7469,42.1273,1421,2013,501.34,4.8,9.4,14.0
A36,-122.7469,42.1273,1421,2014,1031.07,6.0,10.4,14.9
A36,-122.7469,42.1273,1421,2015,957.32,6.3,10.6,14.9
A36,-122.7469,42.1273,1421,2016,1254.70,4.8,9.1,13.4
A36,-122.7469,42.1273,1421,2017,1159.89,5.2,9.4,13.6
A36,-122.7469,42.1273,1421,2018,712.19,5.2,9.6,14.1
A36,-122.7469,42.1273,1421,2019,1010.51,4.5,8.7,13.0
A36,-122.7469,42.1273,1421,2020,731.45,5.1,9.6,14.2
A36,-122.7469,42.1273,1421,2021,794.27,5.5,9.8,14.1
A36,-122.7469,42.1273,1421,2022,773.16,5.1,9.7,14.3
A36,-122.7469,42.1273,1421,2023,918.23,4.7,8.9,13.1
A36,-122.7469,42.1273,1421,2024,1262.55,5.3,9.5,13.7

A37,-122.7100,42.1269,1409,1994,605.81,4.4,8.9,13.4
A37,-122.7100,42.1269,1409,1995,1146.61,4.9,9.3,13.6
A37,-122.7100,42.1269,1409,1996,1286.20,4.9,9.4,13.9
A37,-122.7100,42.1269,1409,1997,822.05,4.5,8.9,13.3
A37,-122.7100,42.1269,1409,1998,1120.13,4.2,8.4,12.6
A37,-122.7100,42.1269,1409,1999,720.13,4.0,8.7,13.5
A37,-122.7100,42.1269,1409,2000,713.38,4.5,9.1,13.8
A37,-122.7100,42.1269,1409,2001,652.49,4.8,9.5,14.1
A37,-122.7100,42.1269,1409,2002,682.18,5.0,9.8,14.6
A37,-122.7100,42.1269,1409,2003,745.51,5.3,9.8,14.3
A37,-122.7100,42.1269,1409,2004,821.52,4.9,9.7,14.5
A37,-122.7100,42.1269,1409,2005,919.13,4.8,9.5,14.1
A37,-122.7100,42.1269,1409,2006,854.90,4.7,9.3,13.9
A37,-122.7100,42.1269,1409,2007,703.67,4.1,9.1,14.1
A37,-122.7100,42.1269,1409,2008,673.04,4.2,9.1,13.9
A37,-122.7100,42.1269,1409,2009,461.55,4.6,9.3,14.0
A37,-122.7100,42.1269,1409,2010,838.80,4.1,8.4,12.7
A37,-122.7100,42.1269,1409,2011,763.96,4.2,8.5,12.7
A37,-122.7100,42.1269,1409,2012,1006.77,4.7,9.2,13.6
A37,-122.7100,42.1269,1409,2013,409.49,5.1,9.7,14.3
A37,-122.7100,42.1269,1409,2014,826.52,6.3,10.7,15.2
A37,-122.7100,42.1269,1409,2015,784.42,6.6,10.9,15.2
A37,-122.7100,42.1269,1409,2016,954.38,5.1,9.4,13.7
A37,-122.7100,42.1269,1409,2017,821.61,5.6,9.7,13.9
A37,-122.7100,42.1269,1409,2018,552.88,5.5,9.9,14.4
A37,-122.7100,42.1269,1409,2019,753.33,4.8,9.0,13.3
A37,-122.7100,42.1269,1409,2020,581.88,5.4,9.9,14.5
A37,-122.7100,42.1269,1409,2021,588.71,5.8,10.2,14.5
A37,-122.7100,42.1269,1409,2022,656.06,5.4,10.1,14.7
A37,-122.7100,42.1269,1409,2023,678.40,4.9,9.2,13.4
A37,-122.7100,42.1269,1409,2024,916.21,5.7,9.8,13.9

A38,-122.7275,42.1266,1184,1994,611.89,4.1,9.6,15.2
A38,-122.7275,42.1266,1184,1995,1165.84,4.9,9.9,15.0
A38,-122.7275,42.1266,1184,1996,1295.23,4.8,10.1,15.5
A38,-122.7275,42.1266,1184,1997,834.28,4.4,9.5,14.7
A38,-122.7275,42.1266,1184,1998,1136.01,4.1,9.0,14.0
A38,-122.7275,42.1266,1184,1999,731.03,3.9,9.4,14.9
A38,-122.7275,42.1266,1184,2000,722.07,4.2,9.8,15.3
A38,-122.7275,42.1266,1184,2001,660.75,4.6,10.2,15.8
A38,-122.7275,42.1266,1184,2002,690.15,4.6,10.3,16.0
A38,-122.7275,42.1266,1184,2003,754.50,5.2,10.5,15.8
A38,-122.7275,42.1266,1184,2004,834.36,5.1,10.5,15.9
A38,-122.7275,42.1266,1184,2005,931.86,4.6,10.1,15.5
A38,-122.7275,42.1266,1184,2006,871.50,4.4,9.8,15.2
A38,-122.7275,42.1266,1184,2007,706.76,4.0,9.7,15.4
A38,-122.7275,42.1266,1184,2008,674.56,4.1,9.7,15.4
A38,-122.7275,42.1266,1184,2009,464.38,4.3,9.9,15.6
A38,-122.7275,42.1266,1184,2010,844.22,4.1,9.2,14.3
A38,-122.7275,42.1266,1184,2011,777.41,3.9,9.0,14.1
A38,-122.7275,42.1266,1184,2012,1019.86,4.5,9.8,15.0
A38,-122.7275,42.1266,1184,2013,417.77,4.8,10.2,15.7
A38,-122.7275,42.1266,1184,2014,843.34,6.0,11.3,16.6
A38,-122.7275,42.1266,1184,2015,793.78,6.3,11.4,16.5
A38,-122.7275,42.1266,1184,2016,969.42,5.1,10.1,15.0
A38,-122.7275,42.1266,1184,2017,835.49,5.2,10.1,15.0
A38,-122.7275,42.1266,1184,2018,562.47,5.3,10.4,15.5
A38,-122.7275,42.1266,1184,2019,767.23,4.7,9.6,14.5
A38,-122.7275,42.1266,1184,2020,587.29,5.5,10.7,15.9
A38,-122.7275,42.1266,1184,2021,586.83,5.2,10.5,15.7
A38,-122.7275,42.1266,1184,2022,645.45,4.9,10.3,15.8
A38,-122.7275,42.1266,1184,2023,679.99,4.9,9.8,14.7
A38,-122.7275,42.1266,1184,2024,920.37,5.6,10.3,15.0

A39,-122.7409,42.1259,1327,1994,723.74,3.6,8.8,14.1
A39,-122.7409,42.1259,1327,1995,1389.01,4.3,9.1,13.9
A39,-122.7409,42.1259,1327,1996,1534.89,4.3,9.4,14.4
A39,-122.7409,42.1259,1327,1997,989.89,3.9,8.8,13.7
A39,-122.7409,42.1259,1327,1998,1365.04,3.7,8.3,12.9
A39,-122.7409,42.1259,1327,1999,889.00,3.4,8.7,13.9
A39,-122.7409,42.1259,1327,2000,842.66,3.8,9.0,14.2
A39,-122.7409,42.1259,1327,2001,809.06,4.1,9.4,14.7
A39,-122.7409,42.1259,1327,2002,806.16,4.2,9.6,15.0
A39,-122.7409,42.1259,1327,2003,897.41,4.8,9.7,14.7
A39,-122.7409,42.1259,1327,2004,1017.53,4.5,9.7,14.9
A39,-122.7409,42.1259,1327,2005,1134.03,4.1,9.3,14.5
A39,-122.7409,42.1259,1327,2006,1080.94,3.9,9.1,14.2
A39,-122.7409,42.1259,1327,2007,793.14,3.5,9.0,14.4
A39,-122.7409,42.1259,1327,2008,816.74,3.6,9.0,14.3
A39,-122.7409,42.1259,1327,2009,563.26,3.9,9.2,14.6
A39,-122.7409,42.1259,1327,2010,1023.05,3.6,8.4,13.3
A39,-122.7409,42.1259,1327,2011,917.52,3.5,8.3,13.1
A39,-122.7409,42.1259,1327,2012,1241.38,4.0,9.0,14.0
A39,-122.7409,42.1259,1327,2013,472.29,4.4,9.5,14.6
A39,-122.7409,42.1259,1327,2014,970.89,5.6,10.6,15.5
A39,-122.7409,42.1259,1327,2015,904.57,5.9,10.7,15.5
A39,-122.7409,42.1259,1327,2016,1168.50,4.6,9.3,14.0
A39,-122.7409,42.1259,1327,2017,1064.69,4.8,9.4,14.1
A39,-122.7409,42.1259,1327,2018,666.63,4.8,9.7,14.6
A39,-122.7409,42.1259,1327,2019,938.32,4.2,8.9,13.6
A39,-122.7409,42.1259,1327,2020,683.56,4.8,9.8,14.8
A39,-122.7409,42.1259,1327,2021,732.99,5.4,10.1,14.7
A39,-122.7409,42.1259,1327,2022,734.17,5.0,9.9,14.9
A39,-122.7409,42.1259,1327,2023,840.93,4.6,9.2,13.7
A39,-122.7409,42.1259,1327,2024,1122.09,5.2,9.6,14.1

A40,-122.7366,42.1228,1174,1994,647.76,4.1,9.6,15.2
A40,-122.7366,42.1228,1174,1995,1225.08,4.8,9.9,15.0
A40,-122.7366,42.1228,1174,1996,1358.25,4.7,10.1,15.5
A40,-122.7366,42.1228,1174,1997,891.37,4.3,9.5,14.7
A40,-122.7366,42.1228,1174,1998,1205.12,4.1,9.0,14.0
A40,-122.7366,42.1228,1174,1999,776.48,3.8,9.4,14.9
A40,-122.7366,42.1228,1174,2000,755.92,4.2,9.8,15.3
A40,-122.7366,42.1228,1174,2001,696.65,4.6,10.2,15.8
A40,-122.7366,42.1228,1174,2002,724.80,4.6,10.3,16.0
A40,-122.7366,42.1228,1174,2003,791.89,5.2,10.5,15.8
A40,-122.7366,42.1228,1174,2004,888.37,5.0,10.5,15.9
A40,-122.7366,42.1228,1174,2005,984.52,4.5,10.0,15.5
A40,-122.7366,42.1228,1174,2006,931.50,4.4,9.8,15.2
A40,-122.7366,42.1228,1174,2007,730.45,4.0,9.7,15.4
A40,-122.7366,42.1228,1174,2008,718.57,4.1,9.7,15.4
A40,-122.7366,42.1228,1174,2009,489.79,4.3,9.9,15.6
A40,-122.7366,42.1228,1174,2010,895.37,4.1,9.2,14.3
A40,-122.7366,42.1228,1174,2011,825.09,3.8,9.0,14.1
A40,-122.7366,42.1228,1174,2012,1083.18,4.6,9.8,15.1
A40,-122.7366,42.1228,1174,2013,435.65,4.8,10.2,15.7
A40,-122.7366,42.1228,1174,2014,885.29,6.1,11.3,16.6
A40,-122.7366,42.1228,1174,2015,824.97,6.3,11.4,16.5
A40,-122.7366,42.1228,1174,2016,1017.57,5.1,10.1,15.0
A40,-122.7366,42.1228,1174,2017,894.97,5.2,10.1,15.1
A40,-122.7366,42.1228,1174,2018,590.36,5.3,10.4,15.6
A40,-122.7366,42.1228,1174,2019,812.38,4.7,9.7,14.6
A40,-122.7366,42.1228,1174,2020,613.62,5.4,10.7,15.9
A40,-122.7366,42.1228,1174,2021,616.82,5.2,10.5,15.7
A40,-122.7366,42.1228,1174,2022,655.15,4.8,10.3,15.8
A40,-122.7366,42.1228,1174,2023,708.05,4.9,9.9,14.8
A40,-122.7366,42.1228,1174,2024,962.18,5.7,10.4,15.1

A41,-122.7094,42.1225,1409,1994,605.81,4.4,8.9,13.4
A41,-122.7094,42.1225,1409,1995,1146.61,4.9,9.3,13.6
A41,-122.7094,42.1225,1409,1996,1286.20,4.9,9.4,13.9
A41,-122.7094,42.1225,1409,1997,822.05,4.5,8.9,13.3
A41,-122.7094,42.1225,1409,1998,1120.13,4.2,8.4,12.6
A41,-122.7094,42.1225,1409,1999,720.13,4.0,8.7,13.5
A41,-122.7094,42.1225,1409,2000,713.38,4.5,9.1,13.8
A41,-122.7094,42.1225,1409,2001,652.49,4.8,9.5,14.1
A41,-122.7094,42.1225,1409,2002,682.18,5.0,9.8,14.6
A41,-122.7094,42.1225,1409,2003,745.51,5.3,9.8,14.3
A41,-122.7094,42.1225,1409,2004,821.52,4.9,9.7,14.5
A41,-122.7094,42.1225,1409,2005,919.13,4.8,9.5,14.1
A41,-122.7094,42.1225,1409,2006,854.90,4.7,9.3,13.9
A41,-122.7094,42.1225,1409,2007,703.67,4.1,9.1,14.1
A41,-122.7094,42.1225,1409,2008,673.04,4.2,9.1,13.9
A41,-122.7094,42.1225,1409,2009,461.55,4.6,9.3,14.0
A41,-122.7094,42.1225,1409,2010,838.80,4.1,8.4,12.7
A41,-122.7094,42.1225,1409,2011,763.96,4.2,8.5,12.7
A41,-122.7094,42.1225,1409,2012,1006.77,4.7,9.2,13.6
A41,-122.7094,42.1225,1409,2013,409.49,5.1,9.7,14.3
A41,-122.7094,42.1225,1409,2014,826.52,6.3,10.7,15.2
A41,-122.7094,42.1225,1409,2015,784.42,6.6,10.9,15.2
A41,-122.7094,42.1225,1409,2016,954.38,5.1,9.4,13.7
A41,-122.7094,42.1225,1409,2017,821.61,5.6,9.7,13.9
A41,-122.7094,42.1225,1409,2018,552.88,5.5,9.9,14.4
A41,-122.7094,42.1225,1409,2019,753.33,4.8,9.0,13.3
A41,-122.7094,42.1225,1409,2020,581.88,5.4,9.9,14.5
A41,-122.7094,42.1225,1409,2021,588.71,5.8,10.2,14.5
A41,-122.7094,42.1225,1409,2022,656.06,5.4,10.1,14.7
A41,-122.7094,42.1225,1409,2023,678.40,4.9,9.2,13.4
A41,-122.7094,42.1225,1409,2024,916.21,5.7,9.8,13.9

A41,-122.7094,42.1225,1409,1994,605.81,4.4,8.9,13.4
A41,-122.7094,42.1225,1409,1995,1146.61,4.9,9.3,13.6
A41,-122.7094,42.1225,1409,1996,1286.20,4.9,9.4,13.9
A41,-122.7094,42.1225,1409,1997,822.05,4.5,8.9,13.3
A41,-122.7094,42.1225,1409,1998,1120.13,4.2,8.4,12.6
A41,-122.7094,42.1225,1409,1999,720.13,4.0,8.7,13.5
A41,-122.7094,42.1225,1409,2000,713.38,4.5,9.1,13.8
A41,-122.7094,42.1225,1409,2001,652.49,4.8,9.5,14.1
A41,-122.7094,42.1225,1409,2002,682.18,5.0,9.8,14.6
A41,-122.7094,42.1225,1409,2003,745.51,5.3,9.8,14.3
A41,-122.7094,42.1225,1409,2004,821.52,4.9,9.7,14.5
A41,-122.7094,42.1225,1409,2005,919.13,4.8,9.5,14.1
A41,-122.7094,42.1225,1409,2006,854.90,4.7,9.3,13.9
A41,-122.7094,42.1225,1409,2007,703.67,4.1,9.1,14.1
A41,-122.7094,42.1225,1409,2008,673.04,4.2,9.1,13.9
A41,-122.7094,42.1225,1409,2009,461.55,4.6,9.3,14.0
A41,-122.7094,42.1225,1409,2010,838.80,4.1,8.4,12.7
A41,-122.7094,42.1225,1409,2011,763.96,4.2,8.5,12.7
A41,-122.7094,42.1225,1409,2012,1006.77,4.7,9.2,13.6
A41,-122.7094,42.1225,1409,2013,409.49,5.1,9.7,14.3
A41,-122.7094,42.1225,1409,2014,826.52,6.3,10.7,15.2
A41,-122.7094,42.1225,1409,2015,784.42,6.6,10.9,15.2
A41,-122.7094,42.1225,1409,2016,954.38,5.1,9.4,13.7
A41,-122.7094,42.1225,1409,2017,821.61,5.6,9.7,13.9
A41,-122.7094,42.1225,1409,2018,552.88,5.5,9.9,14.4
A41,-122.7094,42.1225,1409,2019,753.33,4.8,9.0,13.3
A41,-122.7094,42.1225,1409,2020,581.88,5.4,9.9,14.5
A41,-122.7094,42.1225,1409,2021,588.71,5.8,10.2,14.5
A41,-122.7094,42.1225,1409,2022,656.06,5.4,10.1,14.7
A41,-122.7094,42.1225,1409,2023,678.40,4.9,9.2,13.4
A41,-122.7094,42.1225,1409,2024,916.21,5.7,9.8,13.9

A42,-122.7321,42.1222,1174,1994,647.76,4.1,9.6,15.2
A42,-122.7321,42.1222,1174,1995,1225.08,4.8,9.9,15.0
A42,-122.7321,42.1222,1174,1996,1358.25,4.7,10.1,15.5
A42,-122.7321,42.1222,1174,1997,891.37,4.3,9.5,14.7
A42,-122.7321,42.1222,1174,1998,1205.12,4.1,9.0,14.0
A42,-122.7321,42.1222,1174,1999,776.48,3.8,9.4,14.9
A42,-122.7321,42.1222,1174,2000,755.92,4.2,9.8,15.3
A42,-122.7321,42.1222,1174,2001,696.65,4.6,10.2,15.8
A42,-122.7321,42.1222,1174,2002,724.80,4.6,10.3,16.0
A42,-122.7321,42.1222,1174,2003,791.89,5.2,10.5,15.8
A42,-122.7321,42.1222,1174,2004,888.37,5.0,10.5,15.9
A42,-122.7321,42.1222,1174,2005,984.52,4.5,10.0,15.5
A42,-122.7321,42.1222,1174,2006,931.50,4.4,9.8,15.2
A42,-122.7321,42.1222,1174,2007,730.45,4.0,9.7,15.4
A42,-122.7321,42.1222,1174,2008,718.57,4.1,9.7,15.4
A42,-122.7321,42.1222,1174,2009,489.79,4.3,9.9,15.6
A42,-122.7321,42.1222,1174,2010,895.37,4.1,9.2,14.3
A42,-122.7321,42.1222,1174,2011,825.09,3.8,9.0,14.1
A42,-122.7321,42.1222,1174,2012,1083.18,4.6,9.8,15.1
A42,-122.7321,42.1222,1174,2013,435.65,4.8,10.2,15.7
A42,-122.7321,42.1222,1174,2014,885.29,6.1,11.3,16.6
A42,-122.7321,42.1222,1174,2015,824.97,6.3,11.4,16.5
A42,-122.7321,42.1222,1174,2016,1017.57,5.1,10.1,15.0
A42,-122.7321,42.1222,1174,2017,894.97,5.2,10.1,15.1
A42,-122.7321,42.1222,1174,2018,590.36,5.3,10.4,15.6
A42,-122.7321,42.1222,1174,2019,812.38,4.7,9.7,14.6
A42,-122.7321,42.1222,1174,2020,613.62,5.4,10.7,15.9
A42,-122.7321,42.1222,1174,2021,616.82,5.2,10.5,15.7
A42,-122.7321,42.1222,1174,2022,655.15,4.8,10.3,15.8
A42,-122.7321,42.1222,1174,2023,708.05,4.9,9.9,14.8
A42,-122.7321,42.1222,1174,2024,962.18,5.7,10.4,15.1

A43,-122.6720,42.1216,1458,1994,596.13,3.6,8.4,13.2
A43,-122.6720,42.1216,1458,1995,1161.84,4.0,8.6,13.2
A43,-122.6720,42.1216,1458,1996,1279.65,4.0,8.7,13.5
A43,-122.6720,42.1216,1458,1997,810.76,3.6,8.3,13.0
A43,-122.6720,42.1216,1458,1998,1113.53,3.3,7.8,12.2
A43,-122.6720,42.1216,1458,1999,731.89,3.2,8.1,13.1
A43,-122.6720,42.1216,1458,2000,719.40,3.7,8.5,13.4
A43,-122.6720,42.1216,1458,2001,668.60,4.0,8.9,13.8
A43,-122.6720,42.1216,1458,2002,674.18,4.2,9.2,14.1
A43,-122.6720,42.1216,1458,2003,751.83,4.6,9.3,14.0
A43,-122.6720,42.1216,1458,2004,809.62,4.2,9.1,14.0
A43,-122.6720,42.1216,1458,2005,908.30,4.1,8.9,13.6
A43,-122.6720,42.1216,1458,2006,855.18,3.9,8.7,13.5
A43,-122.6720,42.1216,1458,2007,732.98,3.5,8.6,13.7
A43,-122.6720,42.1216,1458,2008,672.67,3.5,8.5,13.6
A43,-122.6720,42.1216,1458,2009,465.69,3.8,8.7,13.6
A43,-122.6720,42.1216,1458,2010,830.20,3.4,7.8,12.2
A43,-122.6720,42.1216,1458,2011,723.71,3.3,7.8,12.3
A43,-122.6720,42.1216,1458,2012,1032.21,3.9,8.6,13.2
A43,-122.6720,42.1216,1458,2013,409.17,4.3,9.1,13.9
A43,-122.6720,42.1216,1458,2014,847.75,5.5,10.1,14.7
A43,-122.6720,42.1216,1458,2015,782.62,5.7,10.3,14.8
A43,-122.6720,42.1216,1458,2016,932.76,4.3,8.8,13.2
A43,-122.6720,42.1216,1458,2017,808.70,4.7,9.1,13.5
A43,-122.6720,42.1216,1458,2018,542.80,4.6,9.3,13.9
A43,-122.6720,42.1216,1458,2019,757.58,3.9,8.4,12.8
A43,-122.6720,42.1216,1458,2020,586.36,4.6,9.3,14.1
A43,-122.6720,42.1216,1458,2021,573.02,5.0,9.3,13.7
A43,-122.6720,42.1216,1458,2022,618.02,4.5,9.2,13.9
A43,-122.6720,42.1216,1458,2023,659.84,4.0,8.3,12.7
A43,-122.6720,42.1216,1458,2024,900.47,4.8,9.0,13.1

A44,-122.7136,42.1216,1273,1994,607.09,3.8,9.2,14.5
A44,-122.7136,42.1216,1273,1995,1150.54,4.5,9.4,14.4
A44,-122.7136,42.1216,1273,1996,1287.25,4.5,9.7,14.8
A44,-122.7136,42.1216,1273,1997,823.55,4.1,9.1,14.1
A44,-122.7136,42.1216,1273,1998,1126.13,3.8,8.6,13.4
A44,-122.7136,42.1216,1273,1999,724.62,3.6,8.9,14.3
A44,-122.7136,42.1216,1273,2000,714.91,3.9,9.3,14.7
A44,-122.7136,42.1216,1273,2001,653.29,4.3,9.7,15.2
A44,-122.7136,42.1216,1273,2002,683.47,4.3,9.8,15.4
A44,-122.7136,42.1216,1273,2003,745.83,4.9,10.0,15.2
A44,-122.7136,42.1216,1273,2004,825.23,4.7,10.0,15.3
A44,-122.7136,42.1216,1273,2005,918.89,4.2,9.6,15.0
A44,-122.7136,42.1216,1273,2006,860.06,4.0,9.4,14.7
A44,-122.7136,42.1216,1273,2007,704.03,3.6,9.2,14.9
A44,-122.7136,42.1216,1273,2008,673.18,3.8,9.3,14.8
A44,-122.7136,42.1216,1273,2009,465.94,4.0,9.5,15.1
A44,-122.7136,42.1216,1273,2010,840.94,3.8,8.7,13.7
A44,-122.7136,42.1216,1273,2011,771.24,3.6,8.6,13.5
A44,-122.7136,42.1216,1273,2012,1005.49,4.2,9.3,14.4
A44,-122.7136,42.1216,1273,2013,409.78,4.5,9.8,15.1
A44,-122.7136,42.1216,1273,2014,835.45,5.8,10.9,16.0
A44,-122.7136,42.1216,1273,2015,782.07,6.0,11.0,16.0
A44,-122.7136,42.1216,1273,2016,959.29,4.8,9.6,14.4
A44,-122.7136,42.1216,1273,2017,826.69,4.9,9.7,14.5
A44,-122.7136,42.1216,1273,2018,554.68,5.0,10.0,15.1
A44,-122.7136,42.1216,1273,2019,760.34,4.4,9.2,14.0
A44,-122.7136,42.1216,1273,2020,582.61,5.0,10.1,15.2
A44,-122.7136,42.1216,1273,2021,589.52,5.5,10.3,15.2
A44,-122.7136,42.1216,1273,2022,656.04,5.1,10.2,15.2
A44,-122.7136,42.1216,1273,2023,677.62,4.7,9.4,14.1
A44,-122.7136,42.1216,1273,2024,910.75,5.2,9.8,14.4

A45,-122.6734,42.1198,1682,1994,675.18,2.7,7.0,11.3
A45,-122.6734,42.1198,1682,1995,1271.72,3.1,7.2,11.2
A45,-122.6734,42.1198,1682,1996,1423.58,3.1,7.3,11.5
A45,-122.6734,42.1198,1682,1997,900.47,2.5,6.7,10.9
A45,-122.6734,42.1198,1682,1998,1220.40,2.4,6.3,10.2
A45,-122.6734,42.1198,1682,1999,817.92,2.3,6.7,11.1
A45,-122.6734,42.1198,1682,2000,791.36,2.8,7.1,11.4
A45,-122.6734,42.1198,1682,2001,742.88,3.1,7.5,11.9
A45,-122.6734,42.1198,1682,2002,736.97,3.7,8.0,12.2
A45,-122.6734,42.1198,1682,2003,836.73,4.0,8.1,12.1
A45,-122.6734,42.1198,1682,2004,927.66,3.7,7.8,11.9
A45,-122.6734,42.1198,1682,2005,1017.90,3.5,7.5,11.4
A45,-122.6734,42.1198,1682,2006,960.68,3.2,7.4,11.5
A45,-122.6734,42.1198,1682,2007,822.57,3.1,7.4,11.7
A45,-122.6734,42.1198,1682,2008,759.06,2.9,7.3,11.6
A45,-122.6734,42.1198,1682,2009,504.99,3.2,7.3,11.4
A45,-122.6734,42.1198,1682,2010,927.21,2.7,6.4,10.0
A45,-122.6734,42.1198,1682,2011,794.68,2.6,6.4,10.1
A45,-122.6734,42.1198,1682,2012,1140.60,3.3,7.2,11.2
A45,-122.6734,42.1198,1682,2013,446.53,3.6,7.7,11.7
A45,-122.6734,42.1198,1682,2014,943.23,4.8,8.7,12.6
A45,-122.6734,42.1198,1682,2015,846.93,5.0,8.8,12.7
A45,-122.6734,42.1198,1682,2016,1023.09,3.6,7.4,11.1
A45,-122.6734,42.1198,1682,2017,908.80,3.9,7.7,11.5
A45,-122.6734,42.1198,1682,2018,586.72,3.8,7.8,11.8
A45,-122.6734,42.1198,1682,2019,853.53,3.1,6.8,10.5
A45,-122.6734,42.1198,1682,2020,651.11,3.8,7.9,12.1
A45,-122.6734,42.1198,1682,2021,636.47,4.5,8.1,11.7
A45,-122.6734,42.1198,1682,2022,655.19,4.2,8.0,11.8
A45,-122.6734,42.1198,1682,2023,738.82,3.3,6.9,10.6
A45,-122.6734,42.1198,1682,2024,993.83,4.0,7.5,11.0

A46,-122.7008,42.1196,1330,1994,681.52,4.2,9.2,14.1
A46,-122.7008,42.1196,1330,1995,1302.70,4.8,9.4,14.1
A46,-122.7008,42.1196,1330,1996,1441.65,4.8,9.7,14.5
A46,-122.7008,42.1196,1330,1997,919.63,4.5,9.2,13.8
A46,-122.7008,42.1196,1330,1998,1246.48,4.2,8.7,13.1
A46,-122.7008,42.1196,1330,1999,827.68,4.0,9.0,14.0
A46,-122.7008,42.1196,1330,2000,795.59,4.5,9.4,14.4
A46,-122.7008,42.1196,1330,2001,750.35,4.8,9.8,14.7
A46,-122.7008,42.1196,1330,2002,757.39,4.9,10.0,15.1
A46,-122.7008,42.1196,1330,2003,847.96,5.3,10.1,14.9
A46,-122.7008,42.1196,1330,2004,944.05,5.0,10.0,15.0
A46,-122.7008,42.1196,1330,2005,1032.17,4.8,9.7,14.6
A46,-122.7008,42.1196,1330,2006,973.52,4.6,9.5,14.4
A46,-122.7008,42.1196,1330,2007,797.28,4.1,9.3,14.6
A46,-122.7008,42.1196,1330,2008,754.36,4.2,9.3,14.5
A46,-122.7008,42.1196,1330,2009,509.47,4.5,9.6,14.6
A46,-122.7008,42.1196,1330,2010,933.50,4.1,8.7,13.2
A46,-122.7008,42.1196,1330,2011,850.96,4.0,8.6,13.2
A46,-122.7008,42.1196,1330,2012,1157.72,4.6,9.4,14.1
A46,-122.7008,42.1196,1330,2013,453.77,4.9,9.9,14.8
A46,-122.7008,42.1196,1330,2014,944.10,6.2,10.9,15.6
A46,-122.7008,42.1196,1330,2015,852.45,6.4,11.1,15.7
A46,-122.7008,42.1196,1330,2016,1071.21,5.0,9.6,14.2
A46,-122.7008,42.1196,1330,2017,935.83,5.4,9.9,14.3
A46,-122.7008,42.1196,1330,2018,609.57,5.4,10.1,14.9
A46,-122.7008,42.1196,1330,2019,856.54,4.7,9.2,13.8
A46,-122.7008,42.1196,1330,2020,651.13,5.3,10.2,15.0
A46,-122.7008,42.1196,1330,2021,643.12,6.0,10.5,14.9
A46,-122.7008,42.1196,1330,2022,681.18,5.5,10.3,15.1
A46,-122.7008,42.1196,1330,2023,747.24,5.1,9.5,13.9
A46,-122.7008,42.1196,1330,2024,1014.97,5.8,10.0,14.3

A47,-122.7304,42.1182,1419,1994,717.94,4.3,8.8,13.3
A47,-122.7304,42.1182,1419,1995,1393.15,4.8,9.1,13.4
A47,-122.7304,42.1182,1419,1996,1534.41,4.8,9.3,13.8
A47,-122.7304,42.1182,1419,1997,994.61,4.5,8.8,13.2
A47,-122.7304,42.1182,1419,1998,1363.44,4.2,8.3,12.4
A47,-122.7304,42.1182,1419,1999,893.48,4.0,8.7,13.3
A47,-122.7304,42.1182,1419,2000,843.79,4.5,9.0,13.6
A47,-122.7304,42.1182,1419,2001,808.28,4.8,9.4,14.0
A47,-122.7304,42.1182,1419,2002,806.85,5.0,9.7,14.4
A47,-122.7304,42.1182,1419,2003,902.29,5.3,9.8,14.2
A47,-122.7304,42.1182,1419,2004,1020.07,4.9,9.6,14.3
A47,-122.7304,42.1182,1419,2005,1129.64,4.8,9.3,13.9
A47,-122.7304,42.1182,1419,2006,1079.70,4.7,9.2,13.7
A47,-122.7304,42.1182,1419,2007,799.57,4.1,9.0,13.9
A47,-122.7304,42.1182,1419,2008,812.16,4.2,9.0,13.8
A47,-122.7304,42.1182,1419,2009,590.22,4.6,9.2,13.9
A47,-122.7304,42.1182,1419,2010,1013.38,4.0,8.3,12.5
A47,-122.7304,42.1182,1419,2011,913.63,4.1,8.4,12.6
A47,-122.7304,42.1182,1419,2012,1245.11,4.7,9.1,13.5
A47,-122.7304,42.1182,1419,2013,476.23,5.0,9.6,14.1
A47,-122.7304,42.1182,1419,2014,974.55,6.2,10.6,15.0
A47,-122.7304,42.1182,1419,2015,907.54,6.5,10.8,15.1
A47,-122.7304,42.1182,1419,2016,1151.31,5.0,9.3,13.6
A47,-122.7304,42.1182,1419,2017,1044.90,5.5,9.6,13.7
A47,-122.7304,42.1182,1419,2018,651.95,5.4,9.8,14.2
A47,-122.7304,42.1182,1419,2019,932.56,4.7,8.9,13.1
A47,-122.7304,42.1182,1419,2020,687.18,5.3,9.8,14.3
A47,-122.7304,42.1182,1419,2021,739.77,5.7,10.0,14.3
A47,-122.7304,42.1182,1419,2022,734.37,5.3,9.9,14.4
A47,-122.7304,42.1182,1419,2023,846.09,4.9,9.1,13.3
A47,-122.7304,42.1182,1419,2024,1150.21,5.6,9.6,13.7

A48,-122.7322,42.1159,1419,1994,717.94,4.3,8.8,13.3
A48,-122.7322,42.1159,1419,1995,1393.15,4.8,9.1,13.4
A48,-122.7322,42.1159,1419,1996,1534.41,4.8,9.3,13.8
A48,-122.7322,42.1159,1419,1997,994.61,4.5,8.8,13.2
A48,-122.7322,42.1159,1419,1998,1363.44,4.2,8.3,12.4
A48,-122.7322,42.1159,1419,1999,893.48,4.0,8.7,13.3
A48,-122.7322,42.1159,1419,2000,843.79,4.5,9.0,13.6
A48,-122.7322,42.1159,1419,2001,808.28,4.8,9.4,14.0
A48,-122.7322,42.1159,1419,2002,806.85,5.0,9.7,14.4
A48,-122.7322,42.1159,1419,2003,902.29,5.3,9.8,14.2
A48,-122.7322,42.1159,1419,2004,1020.07,4.9,9.6,14.3
A48,-122.7322,42.1159,1419,2005,1129.64,4.8,9.3,13.9
A48,-122.7322,42.1159,1419,2006,1079.70,4.7,9.2,13.7
A48,-122.7322,42.1159,1419,2007,799.57,4.1,9.0,13.9
A48,-122.7322,42.1159,1419,2008,812.16,4.2,9.0,13.8
A48,-122.7322,42.1159,1419,2009,590.22,4.6,9.2,13.9
A48,-122.7322,42.1159,1419,2010,1013.38,4.0,8.3,12.5
A48,-122.7322,42.1159,1419,2011,913.63,4.1,8.4,12.6
A48,-122.7322,42.1159,1419,2012,1245.11,4.7,9.1,13.5
A48,-122.7322,42.1159,1419,2013,476.23,5.0,9.6,14.1
A48,-122.7322,42.1159,1419,2014,974.55,6.2,10.6,15.0
A48,-122.7322,42.1159,1419,2015,907.54,6.5,10.8,15.1
A48,-122.7322,42.1159,1419,2016,1151.31,5.0,9.3,13.6
A48,-122.7322,42.1159,1419,2017,1044.90,5.5,9.6,13.7
A48,-122.7322,42.1159,1419,2018,651.95,5.4,9.8,14.2
A48,-122.7322,42.1159,1419,2019,932.56,4.7,8.9,13.1
A48,-122.7322,42.1159,1419,2020,687.18,5.3,9.8,14.3
A48,-122.7322,42.1159,1419,2021,739.77,5.7,10.0,14.3
A48,-122.7322,42.1159,1419,2022,734.37,5.3,9.9,14.4
A48,-122.7322,42.1159,1419,2023,846.09,4.9,9.1,13.3
A48,-122.7322,42.1159,1419,2024,1150.21,5.6,9.6,13.7

A49,-122.6932,42.1157,1414,1994,689.36,4.3,8.8,13.4
A49,-122.6932,42.1157,1414,1995,1304.55,4.8,9.2,13.5
A49,-122.6932,42.1157,1414,1996,1451.34,4.7,9.3,13.9
A49,-122.6932,42.1157,1414,1997,923.25,4.4,8.8,13.3
A49,-122.6932,42.1157,1414,1998,1251.29,4.1,8.3,12.5
A49,-122.6932,42.1157,1414,1999,834.71,3.8,8.6,13.4
A49,-122.6932,42.1157,1414,2000,800.77,4.4,9.0,13.7
A49,-122.6932,42.1157,1414,2001,754.80,4.7,9.4,14.1
A49,-122.6932,42.1157,1414,2002,761.29,4.8,9.7,14.5
A49,-122.6932,42.1157,1414,2003,850.42,5.2,9.7,14.3
A49,-122.6932,42.1157,1414,2004,950.56,4.7,9.6,14.5
A49,-122.6932,42.1157,1414,2005,1039.28,4.7,9.4,14.1
A49,-122.6932,42.1157,1414,2006,980.39,4.6,9.2,13.9
A49,-122.6932,42.1157,1414,2007,813.47,4.0,9.1,14.1
A49,-122.6932,42.1157,1414,2008,762.89,4.0,9.0,13.9
A49,-122.6932,42.1157,1414,2009,513.95,4.5,9.2,14.0
A49,-122.6932,42.1157,1414,2010,943.10,4.0,8.3,12.6
A49,-122.6932,42.1157,1414,2011,846.02,4.0,8.4,12.7
A49,-122.6932,42.1157,1414,2012,1158.89,4.6,9.1,13.6
A49,-122.6932,42.1157,1414,2013,456.64,4.9,9.6,14.3
A49,-122.6932,42.1157,1414,2014,958.21,6.1,10.6,15.1
A49,-122.6932,42.1157,1414,2015,857.51,6.4,10.8,15.2
A49,-122.6932,42.1157,1414,2016,1070.39,4.9,9.3,13.7
A49,-122.6932,42.1157,1414,2017,936.39,5.4,9.6,13.8
A49,-122.6932,42.1157,1414,2018,608.76,5.3,9.8,14.4
A49,-122.6932,42.1157,1414,2019,868.49,4.6,8.9,13.3
A49,-122.6932,42.1157,1414,2020,658.93,5.2,9.8,14.4
A49,-122.6932,42.1157,1414,2021,648.90,5.7,10.0,14.4
A49,-122.6932,42.1157,1414,2022,685.21,5.3,9.9,14.5
A49,-122.6932,42.1157,1414,2023,759.16,4.8,9.0,13.3
A49,-122.6932,42.1157,1414,2024,1022.30,5.5,9.6,13.8

A50,-122.6754,42.1156,1682,1994,675.18,2.7,7.0,11.3
A50,-122.6754,42.1156,1682,1995,1271.72,3.1,7.2,11.2
A50,-122.6754,42.1156,1682,1996,1423.58,3.1,7.3,11.5
A50,-122.6754,42.1156,1682,1997,900.47,2.5,6.7,10.9
A50,-122.6754,42.1156,1682,1998,1220.40,2.4,6.3,10.2
A50,-122.6754,42.1156,1682,1999,817.92,2.3,6.7,11.1
A50,-122.6754,42.1156,1682,2000,791.36,2.8,7.1,11.4
A50,-122.6754,42.1156,1682,2001,742.88,3.1,7.5,11.9
A50,-122.6754,42.1156,1682,2002,736.97,3.7,8.0,12.2
A50,-122.6754,42.1156,1682,2003,836.73,4.0,8.1,12.1
A50,-122.6754,42.1156,1682,2004,927.66,3.7,7.8,11.9
A50,-122.6754,42.1156,1682,2005,1017.90,3.5,7.5,11.4
A50,-122.6754,42.1156,1682,2006,960.68,3.2,7.4,11.5
A50,-122.6754,42.1156,1682,2007,822.57,3.1,7.4,11.7
A50,-122.6754,42.1156,1682,2008,759.06,2.9,7.3,11.6
A50,-122.6754,42.1156,1682,2009,504.99,3.2,7.3,11.4
A50,-122.6754,42.1156,1682,2010,927.21,2.7,6.4,10.0
A50,-122.6754,42.1156,1682,2011,794.68,2.6,6.4,10.1
A50,-122.6754,42.1156,1682,2012,1140.60,3.3,7.2,11.2
A50,-122.6754,42.1156,1682,2013,446.53,3.6,7.7,11.7
A50,-122.6754,42.1156,1682,2014,943.23,4.8,8.7,12.6
A50,-122.6754,42.1156,1682,2015,846.93,5.0,8.8,12.7
A50,-122.6754,42.1156,1682,2016,1023.09,3.6,7.4,11.1
A50,-122.6754,42.1156,1682,2017,908.80,3.9,7.7,11.5
A50,-122.6754,42.1156,1682,2018,586.72,3.8,7.8,11.8
A50,-122.6754,42.1156,1682,2019,853.53,3.1,6.8,10.5
A50,-122.6754,42.1156,1682,2020,651.11,3.8,7.9,12.1
A50,-122.6754,42.1156,1682,2021,636.47,4.5,8.1,11.7
A50,-122.6754,42.1156,1682,2022,655.19,4.2,8.0,11.8
A50,-122.6754,42.1156,1682,2023,738.82,3.3,6.9,10.6
A50,-122.6754,42.1156,1682,2024,993.83,4.0,7.5,11.0

A51,-122.7413,42.1151,1313,1994,746.66,3.4,8.8,14.1
A51,-122.7413,42.1151,1313,1995,1465.83,4.2,9.1,14.0
A51,-122.7413,42.1151,1313,1996,1607.10,4.2,9.3,14.4
A51,-122.7413,42.1151,1313,1997,1041.72,3.7,8.7,13.7
A51,-122.7413,42.1151,1313,1998,1439.55,3.5,8.2,13.0
A51,-122.7413,42.1151,1313,1999,944.33,3.3,8.6,13.9
A51,-122.7413,42.1151,1313,2000,882.25,3.6,9.0,14.3
A51,-122.7413,42.1151,1313,2001,854.98,3.9,9.4,14.8
A51,-122.7413,42.1151,1313,2002,839.86,3.9,9.5,15.1
A51,-122.7413,42.1151,1313,2003,943.63,4.6,9.7,14.7
A51,-122.7413,42.1151,1313,2004,1071.27,4.4,9.6,14.9
A51,-122.7413,42.1151,1313,2005,1193.14,3.9,9.2,14.5
A51,-122.7413,42.1151,1313,2006,1147.75,3.8,9.1,14.3
A51,-122.7413,42.1151,1313,2007,830.18,3.4,8.9,14.4
A51,-122.7413,42.1151,1313,2008,854.70,3.4,8.9,14.4
A51,-122.7413,42.1151,1313,2009,619.59,3.7,9.2,14.6
A51,-122.7413,42.1151,1313,2010,1077.02,3.4,8.3,13.3
A51,-122.7413,42.1151,1313,2011,966.72,3.3,8.2,13.1
A51,-122.7413,42.1151,1313,2012,1319.39,3.9,9.0,14.0
A51,-122.7413,42.1151,1313,2013,499.92,4.2,9.4,14.6
A51,-122.7413,42.1151,1313,2014,1010.93,5.4,10.5,15.5
A51,-122.7413,42.1151,1313,2015,943.90,5.7,10.6,15.5
A51,-122.7413,42.1151,1313,2016,1226.02,4.5,9.3,14.0
A51,-122.7413,42.1151,1313,2017,1114.86,4.7,9.4,14.1
A51,-122.7413,42.1151,1313,2018,701.64,4.7,9.6,14.6
A51,-122.7413,42.1151,1313,2019,986.11,4.1,8.8,13.5
A51,-122.7413,42.1151,1313,2020,716.52,4.7,9.8,14.8
A51,-122.7413,42.1151,1313,2021,775.15,5.2,10.0,14.8
A51,-122.7413,42.1151,1313,2022,767.00,4.9,9.8,14.8
A51,-122.7413,42.1151,1313,2023,902.74,4.4,9.1,13.7
A51,-122.7413,42.1151,1313,2024,1230.34,4.8,9.4,14.0

A52,-122.7500,42.1147,1467,1994,787.76,3.9,8.4,12.8
A52,-122.7500,42.1147,1467,1995,1576.05,4.3,8.7,13.0
A52,-122.7500,42.1147,1467,1996,1708.46,4.3,8.8,13.3
A52,-122.7500,42.1147,1467,1997,1108.41,4.0,8.4,12.8
A52,-122.7500,42.1147,1467,1998,1545.49,3.7,7.8,12.0
A52,-122.7500,42.1147,1467,1999,1015.91,3.5,8.2,12.9
A52,-122.7500,42.1147,1467,2000,932.59,4.0,8.6,13.2
A52,-122.7500,42.1147,1467,2001,917.77,4.3,8.9,13.6
A52,-122.7500,42.1147,1467,2002,888.55,4.4,9.2,14.0
A52,-122.7500,42.1147,1467,2003,1008.73,4.9,9.3,13.8
A52,-122.7500,42.1147,1467,2004,1141.14,4.5,9.2,13.9
A52,-122.7500,42.1147,1467,2005,1283.01,4.3,8.9,13.5
A52,-122.7500,42.1147,1467,2006,1235.36,4.2,8.8,13.3
A52,-122.7500,42.1147,1467,2007,887.84,3.7,8.6,13.5
A52,-122.7500,42.1147,1467,2008,896.70,3.8,8.5,13.3
A52,-122.7500,42.1147,1467,2009,690.28,4.1,8.8,13.5
A52,-122.7500,42.1147,1467,2010,1168.21,3.6,7.8,12.0
A52,-122.7500,42.1147,1467,2011,1039.56,3.6,7.9,12.2
A52,-122.7500,42.1147,1467,2012,1422.32,4.2,8.6,13.1
A52,-122.7500,42.1147,1467,2013,526.65,4.6,9.1,13.7
A52,-122.7500,42.1147,1467,2014,1073.01,5.8,10.2,14.6
A52,-122.7500,42.1147,1467,2015,998.10,6.0,10.4,14.7
A52,-122.7500,42.1147,1467,2016,1313.65,4.6,8.9,13.1
A52,-122.7500,42.1147,1467,2017,1225.82,5.0,9.2,13.3
A52,-122.7500,42.1147,1467,2018,748.95,5.0,9.4,13.8
A52,-122.7500,42.1147,1467,2019,1060.29,4.3,8.5,12.7
A52,-122.7500,42.1147,1467,2020,768.08,4.9,9.4,13.9
A52,-122.7500,42.1147,1467,2021,833.78,5.4,9.6,13.9
A52,-122.7500,42.1147,1467,2022,812.07,4.9,9.5,14.1
A52,-122.7500,42.1147,1467,2023,980.15,4.4,8.6,12.9
A52,-122.7500,42.1147,1467,2024,1347.28,5.1,9.3,13.4

A53,-122.6998,42.1138,1330,1994,681.52,4.2,9.2,14.1
A53,-122.6998,42.1138,1330,1995,1302.70,4.8,9.4,14.1
A53,-122.6998,42.1138,1330,1996,1441.65,4.8,9.7,14.5
A53,-122.6998,42.1138,1330,1997,919.63,4.5,9.2,13.8
A53,-122.6998,42.1138,1330,1998,1246.48,4.2,8.7,13.1
A53,-122.6998,42.1138,1330,1999,827.68,4.0,9.0,14.0
A53,-122.6998,42.1138,1330,2000,795.59,4.5,9.4,14.4
A53,-122.6998,42.1138,1330,2001,750.35,4.8,9.8,14.7
A53,-122.6998,42.1138,1330,2002,757.39,4.9,10.0,15.1
A53,-122.6998,42.1138,1330,2003,847.96,5.3,10.1,14.9
A53,-122.6998,42.1138,1330,2004,944.05,5.0,10.0,15.0
A53,-122.6998,42.1138,1330,2005,1032.17,4.8,9.7,14.6
A53,-122.6998,42.1138,1330,2006,973.52,4.6,9.5,14.4
A53,-122.6998,42.1138,1330,2007,797.28,4.1,9.3,14.6
A53,-122.6998,42.1138,1330,2008,754.36,4.2,9.3,14.5
A53,-122.6998,42.1138,1330,2009,509.47,4.5,9.6,14.6
A53,-122.6998,42.1138,1330,2010,933.50,4.1,8.7,13.2
A53,-122.6998,42.1138,1330,2011,850.96,4.0,8.6,13.2
A53,-122.6998,42.1138,1330,2012,1157.72,4.6,9.4,14.1
A53,-122.6998,42.1138,1330,2013,453.77,4.9,9.9,14.8
A53,-122.6998,42.1138,1330,2014,944.10,6.2,10.9,15.6
A53,-122.6998,42.1138,1330,2015,852.45,6.4,11.1,15.7
A53,-122.6998,42.1138,1330,2016,1071.21,5.0,9.6,14.2
A53,-122.6998,42.1138,1330,2017,935.83,5.4,9.9,14.3
A53,-122.6998,42.1138,1330,2018,609.57,5.4,10.1,14.9
A53,-122.6998,42.1138,1330,2019,856.54,4.7,9.2,13.8
A53,-122.6998,42.1138,1330,2020,651.13,5.3,10.2,15.0
A53,-122.6998,42.1138,1330,2021,643.12,6.0,10.5,14.9
A53,-122.6998,42.1138,1330,2022,681.18,5.5,10.3,15.1
A53,-122.6998,42.1138,1330,2023,747.24,5.1,9.5,13.9
A53,-122.6998,42.1138,1330,2024,1014.97,5.8,10.0,14.3

A54,-122.6607,42.1122,1514,1994,542.08,3.2,8.3,13.3
A54,-122.6607,42.1122,1514,1995,1052.92,3.7,8.5,13.2
A54,-122.6607,42.1122,1514,1996,1202.84,3.6,8.5,13.4
A54,-122.6607,42.1122,1514,1997,744.19,3.2,8.1,13.0
A54,-122.6607,42.1122,1514,1998,1055.70,2.9,7.5,12.1
A54,-122.6607,42.1122,1514,1999,685.22,3.0,8.1,13.1
A54,-122.6607,42.1122,1514,2000,684.71,3.3,8.3,13.4
A54,-122.6607,42.1122,1514,2001,609.29,3.6,8.7,13.9
A54,-122.6607,42.1122,1514,2002,632.62,3.8,9.0,14.3
A54,-122.6607,42.1122,1514,2003,665.36,4.1,9.1,14.0
A54,-122.6607,42.1122,1514,2004,754.17,4.0,9.0,14.0
A54,-122.6607,42.1122,1514,2005,816.80,3.6,8.6,13.5
A54,-122.6607,42.1122,1514,2006,777.54,3.6,8.5,13.4
A54,-122.6607,42.1122,1514,2007,699.41,3.3,8.5,13.6
A54,-122.6607,42.1122,1514,2008,650.21,3.3,8.5,13.6
A54,-122.6607,42.1122,1514,2009,442.42,3.5,8.5,13.6
A54,-122.6607,42.1122,1514,2010,741.72,2.9,7.6,12.2
A54,-122.6607,42.1122,1514,2011,608.09,2.9,7.6,12.3
A54,-122.6607,42.1122,1514,2012,919.70,3.6,8.5,13.4
A54,-122.6607,42.1122,1514,2013,365.68,4.0,9.1,14.2
A54,-122.6607,42.1122,1514,2014,774.20,5.0,9.9,14.8
A54,-122.6607,42.1122,1514,2015,712.28,5.3,10.1,14.8
A54,-122.6607,42.1122,1514,2016,851.31,3.9,8.6,13.3
A54,-122.6607,42.1122,1514,2017,746.80,4.3,8.9,13.5
A54,-122.6607,42.1122,1514,2018,495.66,4.3,9.1,13.9
A54,-122.6607,42.1122,1514,2019,702.05,3.6,8.2,12.9
A54,-122.6607,42.1122,1514,2020,521.18,4.4,9.4,14.3
A54,-122.6607,42.1122,1514,2021,558.84,4.7,9.2,13.6
A54,-122.6607,42.1122,1514,2022,599.29,4.4,9.2,13.9
A54,-122.6607,42.1122,1514,2023,633.58,3.9,8.3,12.7
A54,-122.6607,42.1122,1514,2024,850.26,4.8,8.8,12.9

A55,-122.7422,42.1117,1531,1994,803.76,3.3,7.8,12.4
A55,-122.7422,42.1117,1531,1995,1615.52,3.8,8.2,12.5
A55,-122.7422,42.1117,1531,1996,1739.93,3.7,8.3,12.8
A55,-122.7422,42.1117,1531,1997,1133.97,3.4,7.8,12.3
A55,-122.7422,42.1117,1531,1998,1592.66,3.0,7.3,11.5
A55,-122.7422,42.1117,1531,1999,1042.12,2.9,7.6,12.4
A55,-122.7422,42.1117,1531,2000,947.09,3.4,8.0,12.7
A55,-122.7422,42.1117,1531,2001,941.54,3.6,8.4,13.1
A55,-122.7422,42.1117,1531,2002,908.11,3.8,8.6,13.5
A55,-122.7422,42.1117,1531,2003,1032.71,4.2,8.8,13.3
A55,-122.7422,42.1117,1531,2004,1163.06,3.8,8.6,13.5
A55,-122.7422,42.1117,1531,2005,1322.29,3.7,8.4,13.0
A55,-122.7422,42.1117,1531,2006,1271.40,3.6,8.2,12.8
A55,-122.7422,42.1117,1531,2007,916.01,3.1,8.1,13.0
A55,-122.7422,42.1117,1531,2008,908.56,3.1,8.0,12.8
A55,-122.7422,42.1117,1531,2009,746.91,3.5,8.2,12.9
A55,-122.7422,42.1117,1531,2010,1216.94,3.0,7.3,11.5
A55,-122.7422,42.1117,1531,2011,1078.22,3.0,7.3,11.6
A55,-122.7422,42.1117,1531,2012,1465.24,3.6,8.1,12.5
A55,-122.7422,42.1117,1531,2013,541.73,3.9,8.6,13.2
A55,-122.7422,42.1117,1531,2014,1103.22,5.2,9.6,14.1
A55,-122.7422,42.1117,1531,2015,1029.44,5.4,9.8,14.1
A55,-122.7422,42.1117,1531,2016,1331.42,3.9,8.3,12.6
A55,-122.7422,42.1117,1531,2017,1244.32,4.4,8.6,12.7
A55,-122.7422,42.1117,1531,2018,743.73,4.3,8.8,13.3
A55,-122.7422,42.1117,1531,2019,1083.14,3.6,7.9,12.1
A55,-122.7422,42.1117,1531,2020,783.30,4.3,8.8,13.3
A55,-122.7422,42.1117,1531,2021,865.98,4.8,9.1,13.3
A55,-122.7422,42.1117,1531,2022,839.48,4.4,9.0,13.5
A55,-122.7422,42.1117,1531,2023,1027.29,3.9,8.1,12.2
A55,-122.7422,42.1117,1531,2024,1384.58,4.6,8.7,12.8

A56,-122.7506,42.1110,1528,1994,836.48,3.3,7.9,12.4
A56,-122.7506,42.1110,1528,1995,1686.56,3.9,8.2,12.6
A56,-122.7506,42.1110,1528,1996,1810.61,3.8,8.4,12.9
A56,-122.7506,42.1110,1528,1997,1184.19,3.4,7.9,12.3
A56,-122.7506,42.1110,1528,1998,1666.00,3.1,7.3,11.6
A56,-122.7506,42.1110,1528,1999,1089.02,2.9,7.7,12.5
A56,-122.7506,42.1110,1528,2000,976.68,3.4,8.1,12.7
A56,-122.7506,42.1110,1528,2001,987.24,3.7,8.4,13.2
A56,-122.7506,42.1110,1528,2002,939.96,3.9,8.7,13.6
A56,-122.7506,42.1110,1528,2003,1075.71,4.2,8.8,13.4
A56,-122.7506,42.1110,1528,2004,1213.15,3.8,8.6,13.5
A56,-122.7506,42.1110,1528,2005,1389.54,3.8,8.4,13.0
A56,-122.7506,42.1110,1528,2006,1331.85,3.6,8.3,12.9
A56,-122.7506,42.1110,1528,2007,941.16,3.2,8.1,13.1
A56,-122.7506,42.1110,1528,2008,949.64,3.2,8.0,12.9
A56,-122.7506,42.1110,1528,2009,796.87,3.6,8.3,13.0
A56,-122.7506,42.1110,1528,2010,1288.38,3.1,7.3,11.5
A56,-122.7506,42.1110,1528,2011,1129.26,3.1,7.4,11.7
A56,-122.7506,42.1110,1528,2012,1537.92,3.6,8.1,12.6
A56,-122.7506,42.1110,1528,2013,561.12,4.0,8.6,13.3
A56,-122.7506,42.1110,1528,2014,1143.98,5.2,9.6,14.1
A56,-122.7506,42.1110,1528,2015,1059.84,5.5,9.8,14.2
A56,-122.7506,42.1110,1528,2016,1408.26,4.0,8.3,12.7
A56,-122.7506,42.1110,1528,2017,1307.94,4.4,8.6,12.8
A56,-122.7506,42.1110,1528,2018,797.81,4.4,8.9,13.3
A56,-122.7506,42.1110,1528,2019,1134.48,3.7,7.9,12.2
A56,-122.7506,42.1110,1528,2020,812.85,4.3,8.9,13.4
A56,-122.7506,42.1110,1528,2021,908.80,4.9,9.1,13.4
A56,-122.7506,42.1110,1528,2022,878.67,4.5,9.0,13.6
A56,-122.7506,42.1110,1528,2023,1087.31,3.9,8.1,12.3
A56,-122.7506,42.1110,1528,2024,1448.57,4.6,8.8,12.9

A57,-122.6798,42.1108,1672,1994,711.95,2.7,7.1,11.5
A57,-122.6798,42.1108,1672,1995,1333.04,3.1,7.2,11.3
A57,-122.6798,42.1108,1672,1996,1497.23,3.1,7.4,11.6
A57,-122.6798,42.1108,1672,1997,950.27,2.6,6.8,11.1
A57,-122.6798,42.1108,1672,1998,1284.36,2.4,6.4,10.3
A57,-122.6798,42.1108,1672,1999,864.81,2.3,6.8,11.2
A57,-122.6798,42.1108,1672,2000,822.44,2.8,7.2,11.5
A57,-122.6798,42.1108,1672,2001,775.42,3.1,7.6,12.0
A57,-122.6798,42.1108,1672,2002,777.98,3.7,8.0,12.3
A57,-122.6798,42.1108,1672,2003,870.61,4.0,8.1,12.2
A57,-122.6798,42.1108,1672,2004,992.79,3.7,7.9,12.0
A57,-122.6798,42.1108,1672,2005,1054.84,3.5,7.5,11.6
A57,-122.6798,42.1108,1672,2006,1010.16,3.2,7.4,11.6
A57,-122.6798,42.1108,1672,2007,846.53,3.1,7.4,11.8
A57,-122.6798,42.1108,1672,2008,817.46,3.0,7.3,11.7
A57,-122.6798,42.1108,1672,2009,519.00,3.2,7.4,11.5
A57,-122.6798,42.1108,1672,2010,969.56,2.7,6.4,10.2
A57,-122.6798,42.1108,1672,2011,838.18,2.6,6.4,10.3
A57,-122.6798,42.1108,1672,2012,1197.50,3.3,7.3,11.3
A57,-122.6798,42.1108,1672,2013,462.25,3.6,7.8,11.9
A57,-122.6798,42.1108,1672,2014,987.26,4.8,8.8,12.7
A57,-122.6798,42.1108,1672,2015,875.35,5.0,8.9,12.8
A57,-122.6798,42.1108,1672,2016,1087.39,3.6,7.4,11.3
A57,-122.6798,42.1108,1672,2017,967.29,3.9,7.8,11.6
A57,-122.6798,42.1108,1672,2018,620.86,3.9,7.9,11.9
A57,-122.6798,42.1108,1672,2019,903.83,3.1,6.9,10.7
A57,-122.6798,42.1108,1672,2020,678.57,3.8,8.0,12.2
A57,-122.6798,42.1108,1672,2021,673.65,4.5,8.2,11.9
A57,-122.6798,42.1108,1672,2022,698.71,4.1,8.1,12.0
A57,-122.6798,42.1108,1672,2023,786.80,3.4,7.0,10.7
A57,-122.6798,42.1108,1672,2024,1063.14,4.0,7.6,11.2

A58,-122.7361,42.1082,1636,1994,785.23,2.2,7.0,11.8
A58,-122.7361,42.1082,1636,1995,1577.31,2.7,7.2,11.7
A58,-122.7361,42.1082,1636,1996,1704.57,2.6,7.3,12.0
A58,-122.7361,42.1082,1636,1997,1105.61,2.1,6.8,11.4
A58,-122.7361,42.1082,1636,1998,1546.75,1.9,6.3,10.7
A58,-122.7361,42.1082,1636,1999,1012.30,1.8,6.7,11.6
A58,-122.7361,42.1082,1636,2000,927.64,2.2,7.1,11.9
A58,-122.7361,42.1082,1636,2001,914.38,2.5,7.4,12.4
A58,-122.7361,42.1082,1636,2002,888.00,2.9,7.8,12.7
A58,-122.7361,42.1082,1636,2003,1006.36,3.2,7.9,12.6
A58,-122.7361,42.1082,1636,2004,1140.52,3.0,7.7,12.5
A58,-122.7361,42.1082,1636,2005,1276.34,2.8,7.4,12.1
A58,-122.7361,42.1082,1636,2006,1230.94,2.6,7.3,12.0
A58,-122.7361,42.1082,1636,2007,884.97,2.4,7.2,12.1
A58,-122.7361,42.1082,1636,2008,896.84,2.3,7.1,12.0
A58,-122.7361,42.1082,1636,2009,723.66,2.6,7.3,11.9
A58,-122.7361,42.1082,1636,2010,1174.69,2.1,6.3,10.6
A58,-122.7361,42.1082,1636,2011,1039.60,2.0,6.3,10.7
A58,-122.7361,42.1082,1636,2012,1411.55,2.6,7.1,11.7
A58,-122.7361,42.1082,1636,2013,528.73,3.0,7.7,12.3
A58,-122.7361,42.1082,1636,2014,1073.10,4.1,8.6,13.1
A58,-122.7361,42.1082,1636,2015,1002.52,4.3,8.8,13.2
A58,-122.7361,42.1082,1636,2016,1290.52,2.9,7.3,11.7
A58,-122.7361,42.1082,1636,2017,1202.99,3.3,7.6,12.0
A58,-122.7361,42.1082,1636,2018,723.91,3.3,7.8,12.3
A58,-122.7361,42.1082,1636,2019,1051.34,2.5,6.8,11.2
A58,-122.7361,42.1082,1636,2020,763.65,3.3,7.9,12.5
A58,-122.7361,42.1082,1636,2021,836.00,3.9,8.1,12.2
A58,-122.7361,42.1082,1636,2022,812.13,3.6,8.0,12.4
A58,-122.7361,42.1082,1636,2023,981.32,2.9,7.0,11.1
A58,-122.7361,42.1082,1636,2024,1328.94,3.6,7.6,11.7

A59,-122.6808,42.1031,1701,1994,715.65,2.7,7.2,11.6
A59,-122.6808,42.1031,1701,1995,1346.11,3.0,7.3,11.5
A59,-122.6808,42.1031,1701,1996,1505.35,3.0,7.4,11.7
A59,-122.6808,42.1031,1701,1997,956.82,2.5,6.9,11.3
A59,-122.6808,42.1031,1701,1998,1294.96,2.3,6.4,10.4
A59,-122.6808,42.1031,1701,1999,875.73,2.4,6.9,11.4
A59,-122.6808,42.1031,1701,2000,830.16,2.8,7.2,11.6
A59,-122.6808,42.1031,1701,2001,780.63,3.1,7.6,12.1
A59,-122.6808,42.1031,1701,2002,785.35,3.5,8.0,12.6
A59,-122.6808,42.1031,1701,2003,877.09,3.8,8.0,12.3
A59,-122.6808,42.1031,1701,2004,1004.03,3.5,7.8,12.2
A59,-122.6808,42.1031,1701,2005,1057.86,3.2,7.5,11.7
A59,-122.6808,42.1031,1701,2006,1023.14,3.0,7.3,11.6
A59,-122.6808,42.1031,1701,2007,847.74,2.9,7.4,12.0
A59,-122.6808,42.1031,1701,2008,822.73,2.8,7.3,11.9
A59,-122.6808,42.1031,1701,2009,557.91,3.0,7.4,11.7
A59,-122.6808,42.1031,1701,2010,978.17,2.4,6.4,10.4
A59,-122.6808,42.1031,1701,2011,844.34,2.4,6.5,10.6
A59,-122.6808,42.1031,1701,2012,1206.30,3.1,7.3,11.6
A59,-122.6808,42.1031,1701,2013,457.65,3.4,7.9,12.3
A59,-122.6808,42.1031,1701,2014,998.04,4.6,8.8,13.1
A59,-122.6808,42.1031,1701,2015,883.51,4.8,8.9,13.1
A59,-122.6808,42.1031,1701,2016,1104.22,3.5,7.5,11.5
A59,-122.6808,42.1031,1701,2017,974.85,3.9,7.9,11.8
A59,-122.6808,42.1031,1701,2018,626.44,3.8,8.0,12.2
A59,-122.6808,42.1031,1701,2019,911.85,3.1,7.0,11.0
A59,-122.6808,42.1031,1701,2020,679.70,3.8,8.1,12.5
A59,-122.6808,42.1031,1701,2021,687.35,4.4,8.3,12.2
A59,-122.6808,42.1031,1701,2022,708.04,4.1,8.2,12.3
A59,-122.6808,42.1031,1701,2023,802.14,3.4,7.2,10.9
A59,-122.6808,42.1031,1701,2024,1083.90,4.0,7.7,11.3

