SiteName,SiteAb,Rodne_PID,PCID,Insol,SolarIns,elevation_m,PVT,TPI,AET_1900_09,AET_2000_09,AET_2000_09SD,CWD_1900_09,CWD_2000_09,CWD_2000_09SD,POINT_X,POINT_Y,WatBal_AET_Current_V1_2019,WB_AET_Current_V2_2022,WatBal_AET_Futr_V1_2019,WB_AET_Future_V2_2022,WatBal_PET_Current_V1_2019,WB_PET_Current_V2_2022,WatBal_PET_Futr_V1_2019,WB_PET_Future_V2_2022,WatBal_Deficit_Current_V1_OR_2019,WB_Deficit_Current_V2_2022_2023,WatBal_Deficit_Futr_V1_OR_2019,WB_Deficit_Future_V2_2022
Ashland Abies Midslope,AW,AD,MAM,Warm,1315128.5,1554,White fir - Intermediate,Ridge Top,485.5,427.5,70.63745117,368.6000061,509,66.73381042,-122.7505592,42.11081936,354.1424255,542.7418213,412.1849365,559.3052368,662.4249268,683.3128052,786.8481445,766.3375244,308.2825012,140.5710144,374.6632385,207.0323181
Ashland Abies Ridge,AW,AC,MAR,Warm,1344412.5,1418,White fir - Intermediate,Ridge Top,447.6000061,413,68.49087524,545.9000244,641,68.21472931,-122.7092366,42.12316968,355.5543823,584.4135742,412.3575745,591.1627808,735.4562378,811.6013794,865.7321777,897.5326538,379.901825,227.1877747,453.3745728,306.369873
Ashland Pseudotsuga Midslope,AW,AA,MPM,Warm,1380267.375,1139,White fir - Intermediate,Mid Slope,481.7999878,442.5,59.21528625,575.7999878,686,66.96393585,-122.7248069,42.14296429,392.4826965,524.0310059,423.1363525,523.4421387,776.5834961,660.3776245,882.2670288,719.6220703,384.100769,136.3465881,459.1306458,196.1799316
Ashland Pseudotsuga Ridge,AW,AB,MPR,Warm,1273804.375,1209,White fir - Intermediate,Ridge Top,475.5,438,58.69752884,572.2600098,684,67.50937653,-122.6943465,42.14451306,377.5989685,589.2168579,395.2344971,581.8973999,743.881897,833.87677,832.8731079,903.9869385,366.282959,244.6599274,437.6385803,322.0895386
Ashland Watershed,AW,A23,PMH03,Warm,1406568,1161,Douglas-fir - Dry,Mid Slope,481.7999878,442.5,59.21528625,575.7999878,686,66.96393585,-122.7252757,42.14334445,392.4826965,522.0272217,423.1363525,522.4885864,776.5834961,655.001709,882.2670288,715.1531982,384.100769,132.9744568,459.1306458,192.6645813
Ashland Watershed,AW,A27,PRH05,Warm,1434681.875,1118,Douglas-fir - Dry,Ridge Top,493.2000122,451.6000061,60.38907242,556.3099976,671,64.1759491,-122.7265597,42.13983727,390.3581543,539.887146,420.082428,542.1643066,779.9655762,704.9419556,885.6077881,773.0579834,389.6074219,165.0548248,465.5253296,230.8936768
Ashland Watershed,AW,A13,PML01,Cool,1110672.25,990,Douglas-fir - Dry,Bottom Slope,471.8999939,429,55.8927536,571.7800293,679,68.60948944,-122.6974526,42.1555222,387.7479248,559.8062134,397.1736755,555.12323,761.1737061,776.2783203,839.3950806,842.5550537,373.4257813,216.4720917,442.2214355,287.4317932
Ashland Watershed,AW,A33,ARH04,Warm,1485469.625,1487,Douglas-fir - Dry,Ridge Top,466.7999878,426.6000061,67.1553421,556.3499756,655,67.37570953,-122.7128759,42.12933459,354.9820251,578.4294434,415.6184387,584.7039795,744.0609741,799.8518066,879.9992065,885.2977905,389.078949,221.422348,464.3807373,300.593811
Ashland Watershed,AW,A01,PMH01,Cool,970818,1261,Douglas-fir - Dry,Mid Slope,473,436,61.41009521,526.0200195,631,66.34130096,-122.7418907,42.17882901,404.0397339,571.3157349,412.4820251,565.4016724,692.0029297,788.1738281,758.067688,859.2836914,287.9631958,216.8581238,345.5856628,293.882019
Ashland Watershed,AW,A59,ARH01,Warm,1398881.875,1785,Douglas-fir - Dry,Ridge Top,406.8999939,375.2999878,61.05907059,435.2200012,573,65.73587036,-122.6807368,42.1030879,327.6350098,564.6891479,369.3918152,578.9018555,702.7364502,756.3776855,806.1815186,846.4749756,375.1014404,191.6885223,436.7897339,267.5731812
Ashland Watershed,AW,A15,PRL01,Cool,1069840.625,991,Douglas-fir - Dry,Ridge Top,484.5,446.3999939,57.89334869,593.9700317,699,67.51459503,-122.7219833,42.15412652,384.8408508,563.9938354,387.0390015,557.840332,681.6505127,799.8323364,740.470459,868.9489746,296.8096619,235.8385315,353.431488,311.1086426
Ashland Watershed,AW,A17,PRH02,Warm,1405492.5,1103,Douglas-fir - Dry,Ridge Top,470.7999878,420.7000122,63.65068817,568,678,69.08375549,-122.7298584,42.1518904,385.5558472,544.1416626,411.401001,543.5719604,777.460144,700.2607422,878.3272705,763.2440796,391.9042969,156.1191406,466.9262695,219.6721039
Ashland Watershed,AW,A19,PRL04,Cool,981117.9375,1019,Douglas-fir - Dry,Ridge Top,499,455,59.33127213,560.0499878,679,67.66821289,-122.7132845,42.14932369,380.9776917,564.008606,378.7857666,558.8126221,663.635498,791.8551636,714.8355713,859.9420166,282.6577759,227.8465729,336.0498352,301.129425
Ashland Watershed,AW,A03,PB05,Warm,1377170.5,998,Douglas-fir - Dry,Bottom Slope,484.7000122,448.2999878,58.96787262,609.75,704,68.74880981,-122.7251682,42.16986072,398.4216919,516.8602905,404.5422668,510.5579834,794.7479248,644.9891357,873.4991455,695.1132202,396.3262634,128.12883,468.9569092,184.5552521
Ashland Watershed,AW,A14,PB02,Cool,1105742.25,981,Douglas-fir - Dry,Bottom Slope,484.5,446.3999939,57.89334869,593.9700317,699,67.51459503,-122.7265493,42.15548005,385.8665161,532.1619263,405.5856934,525.9365845,760.3766479,677.3632202,850.5443115,731.9031982,374.5101013,145.2012939,444.9585876,205.9665833
Ashland Watershed,AW,A06,PB03,Cool,1093263.25,840,Douglas-fir - Dry,Bottom Slope,464.6000061,434.8999939,53.99157333,652.5599976,725,62.97509384,-122.7067108,42.16693584,385.2909546,543.4127808,390.6455994,537.2238159,728.6116943,757.5082397,799.0787354,819.880127,343.3207397,214.0954285,408.433136,282.6562805
Ashland Watershed,AW,A10,PML04,Cool,1061311.125,1033,Douglas-fir - Dry,Mid Slope,469.2999878,436.3999939,55.52152634,616.539978,712,66.51798248,-122.6995884,42.16049053,386.9261475,551.0895996,391.6982117,546.2573242,729.6203613,773.3242798,800.9075317,841.4959717,342.6942444,222.2346802,409.2092896,295.238678
Ashland Watershed,AW,A41,ARH02,Warm,1441066.75,1416,Douglas-fir - Dry,Ridge Top,447.6000061,413,68.49087524,545.9000244,641,68.21472931,-122.7093564,42.1224735,381.2904358,584.4135742,419.3304138,591.1627808,774.7032471,811.6013794,886.0894165,897.5326538,393.4128418,227.1877747,466.7590027,306.369873
Ashland Watershed,AW,A41,ARH02,Warm,1441066.75,1416,Douglas-fir - Dry,Ridge Top,447.6000061,413,68.49087524,545.9000244,641,68.21472931,-122.7093564,42.1224735,381.2904358,584.4135742,419.3304138,591.1627808,774.7032471,811.6013794,886.0894165,897.5326538,393.4128418,227.1877747,466.7590027,306.369873
Ashland Watershed,AW,A07,ASH0,Cool,916706.0625,923,Douglas-fir - Dry,Mid Slope,465.2000122,440.3999939,54.78540039,606.8399658,704,65.58101654,-122.7089816,42.16577926,387.3015137,533.7736206,385.059021,526.4595947,669.7189941,737.7706909,722.1390991,799.7382202,282.41745,203.9970703,337.0800476,273.278656
Ashland Watershed,AW,A16,ASH1,Cool,874518.625,1047,Douglas-fir - Dry,Mid Slope,485.2999878,448.8999939,58.36000443,601.4099731,713,65.98548126,-122.7045308,42.15349452,387.8891296,565.5643311,387.0080872,559.6243896,660.9112549,800.6922607,713.3947754,869.6615601,273.0221252,235.1279297,326.3866577,310.0371704
Ashland Watershed,AW,A08,ASH2,Warm,1166229.25,989,Douglas-fir - Dry,Mid Slope,469.2999878,436.3999939,55.52152634,616.539978,712,66.51798248,-122.700355,42.16488891,374.2238464,572.5734863,391.6695557,561.6589966,737.8197632,840.8389282,823.1361694,907.2644653,363.5959167,268.2654419,431.4666138,345.6054688
Ashland Watershed,AW,A11,ASH3,Warm,1446991.5,1167,Douglas-fir - Dry,Ridge Top,465.2000122,440.3999939,54.78540039,606.8399658,704,65.58101654,-122.7038345,42.15850405,373.1680298,563.8504639,393.9321289,556.40448,778.9232788,808.5598755,874.1887817,878.6716309,405.755249,244.7094421,480.2566223,322.2671509
Ashland Watershed,AW,A12,ASH4,Warm,1284636.75,1032,Douglas-fir - Dry,Mid Slope,471.8999939,429,55.8927536,571.7800293,679,68.60948944,-122.7000308,42.15690951,374.5694885,540.253479,394.3647156,535.5783081,762.1132202,724.9176636,852.2299805,787.0222778,387.5437012,184.6641693,457.8652649,251.443985
Ashland Watershed,AW,A20,ASH5,Warm,1302599.125,1153,Douglas-fir - Dry,Mid Slope,475.6000061,437.7000122,52.37184525,569,671,67.58068085,-122.6858065,42.14811409,368.4677734,519.805603,389.5800171,512.4782104,759.8625488,661.0877686,853.0872803,713.1609497,391.3947754,141.2821808,463.5072327,200.6827545
Ashland Watershed,AW,A18,ASH6,Warm,1355113,1212,Douglas-fir - Dry,Ridge Top,471.8999939,429,55.8927536,571.7800293,679,68.60948944,-122.698999,42.14949142,377.252533,582.7374878,398.9855042,573.519043,774.8951416,840.1191406,871.6415405,910.7041016,397.6426086,257.3816833,472.6560059,337.1849976
Ashland Watershed,AW,A04,ASH8,Warm,1321314.375,954,Douglas-fir - Dry,Ridge Top,464.6000061,434.8999939,53.99157333,652.5599976,725,62.97509384,-122.7042862,42.16952968,370.5614014,558.6001587,389.5880432,546.9161377,749.0687866,839.8303833,836.3264771,906.4364014,378.5073853,281.2301941,446.7384338,359.5202942
Ashland Watershed,AW,A26,PB01,Cool,693275.1875,1051,Douglas-fir - Moist,Bottom Slope,499,455,59.33127213,560.0499878,679,67.66821289,-122.7131231,42.14115969,398.2355042,546.600647,397.2804871,542.2733765,670.8222046,694.3408203,725.8864746,751.4661255,272.5866699,147.7401581,328.6059875,209.1927948
Ashland Watershed,AW,A05,PRH04,Warm,1433473.375,1248,Ponderosa pine - Dry,Ridge Top,475.6000061,425.2000122,57.84427261,561.7800293,659,65.51354218,-122.7319452,42.1675102,392.5802307,569.5574951,419.6965942,566.7168579,785.1929932,781.1461182,889.7731934,853.7301636,392.6127625,211.5886536,470.0766296,287.0133057
Ashland Watershed,AW,A54,ARL01,Warm,1250752.875,1599,White fir - Cool,Ridge Top,402.8999939,384.6000061,63.36118698,542.4099731,647,62.78702927,-122.6606831,42.11217374,339.6283875,564.4172974,366.7129211,571.1765747,698.0039673,767.2185669,788.6975098,847.7939453,358.3756104,202.8012543,421.9845886,276.6174011
Ashland Watershed,AW,A46,AMH02,Warm,1350579.375,1357,White fir - Cool,Mid Slope,447.2000122,411.5,68.07679749,550.9099731,648,67.62091827,-122.7007697,42.11962429,372.6498108,556.8758545,413.718689,563.3456421,742.8530273,743.3261108,856.0349121,820.8909912,370.203186,186.4502563,442.3162231,257.5453186
Ashland Watershed,AW,A50,AMH04,Warm,1363289.25,1733,White fir - Cool,Mid Slope,415.7000122,377.6000061,60.40728378,425.519989,562,68.46931458,-122.6754231,42.11563295,335.533783,588.1553955,374.664917,598.4034424,721.296814,796.0690918,827.6124878,883.5548706,385.763031,207.9137421,452.9475708,285.1513977
Ashland Watershed,AW,A57,AML04,Warm,1269506,1726,White fir - Cool,Mid Slope,415,383.7000122,63.53274918,429.4899902,566,67.81737518,-122.6798062,42.11080057,344.008667,596.8209839,374.5815125,605.5094604,695.8841553,809.5404663,790.0473022,897.1466675,351.8754578,212.7194824,415.4657898,291.6372375
Ashland Watershed,AW,A56,AMH05,Warm,1300214.375,1559,White fir - Cool,Ridge Top,485.5,427.5,70.63745117,368.6000061,509,66.73381042,-122.7506178,42.11097824,354.1424255,542.7418213,412.1849365,559.3052368,662.4249268,683.3128052,786.8481445,766.3375244,308.2825012,140.5710144,374.6632385,207.0323181
Ashland Watershed,AW,A58,ASH7,Cool,980766.125,1551,White fir - Cool,Bottom Slope,467.1000061,417,74.97599792,385.5,518,69.02972412,-122.7360461,42.10823329,355.1238403,587.6279907,387.0462952,603.9424438,595.3914795,755.4118652,682.729248,843.3612671,240.2676086,167.7838287,295.6829224,239.4188385
Ashland Watershed,AW,A34,PMH04,Warm,1263728.25,1181,White fir - Intermediate,Mid Slope,474.1000061,438.3999939,69.16964722,555.8200073,656,68.3132019,-122.720473,42.12812682,385.916748,589.4220581,410.4310608,591.9777832,729.4368896,804.046814,819.3572388,881.9275513,343.5201416,214.6247406,408.926178,289.9497681
Ashland Watershed,AW,A28,PRL03,Cool,1119313.5,1228,White fir - Intermediate,Ridge Top,466.3999939,431.2999878,58.99499893,539.0599976,632,61.47046661,-122.6731067,42.13828995,371.1600647,582.1178589,377.1990051,579.2761841,679.114563,825.0661011,744.9055786,898.0664063,307.9545288,242.9482117,367.706543,318.7901917
Ashland Watershed,AW,A21,AMH01,Warm,1423627.25,1456,White fir - Intermediate,Mid Slope,476.2000122,430.1000061,67.94917297,540.7800293,643,67.09713745,-122.7433906,42.14770215,390.1618652,565.1907349,439.8143921,567.2136841,746.232605,750.3318481,868.5875244,826.4528809,356.0707703,185.1411743,428.7731628,259.2391357
Ashland Watershed,AW,A37,AMH03,Warm,1307245.125,1402,White fir - Intermediate,Mid Slope,444.3999939,419.8999939,71.75437164,542.3300171,631,67.06550598,-122.7099413,42.12690392,359.4592896,586.6520996,414.0889282,593.7224731,721.4851074,812.9921265,847.7427979,898.9985962,362.0258179,226.3400421,433.6538391,305.2760925
Ashland Watershed,AW,A24,PRL02,Cool,1015393.188,1107,White fir - Intermediate,Ridge Top,499,455,59.33127213,560.0499878,679,67.66821289,-122.71635,42.14185258,378.9370117,570.7511597,388.0538635,570.2467651,655.7064209,793.1940308,716.435791,867.5843506,276.7694092,222.4428864,328.381897,297.3375854
Ashland Watershed,AW,A30,PML03,Warm,1139494.75,1251,White fir - Intermediate,Mid Slope,461.8999939,426.7999878,61.45372391,536.5200195,635,63.60979843,-122.7090272,42.13801449,380.4265137,579.7234497,398.8171692,579.6196289,709.6856079,798.9238281,792.3770142,874.6026611,329.2590942,219.2003937,393.559845,294.9830322
Ashland Watershed,AW,A29,AB01,Cool,1034562.438,1156,White fir - Intermediate,Bottom Slope,478.7000122,440.2000122,62.85507202,524.4500122,625,64.65852356,-122.7115132,42.13815999,397.421051,562.0303345,412.2235107,565.8145142,680.9776001,748.375,751.8372803,821.6948242,283.5565796,186.3446655,339.613739,255.8802948
Ashland Watershed,AW,A22,PRH01,Warm,1294520.875,1239,White fir - Intermediate,Ridge Top,469.2000122,424.5,59.62088394,544.3900146,642,63.09527969,-122.6937865,42.14488107,377.6818542,590.1861572,395.1900635,581.5015869,754.7593994,833.6408691,845.6342773,902.4833984,377.0775757,243.4546814,450.4442139,320.9818115
Ashland Watershed,AW,A02,PMH02,Warm,1307130.625,1290,White fir - Intermediate,Mid Slope,473.3999939,433.5,62.32696152,548.1799927,648,64.68740845,-122.7365792,42.17301202,405.1948547,564.6453857,423.7055054,562.0366821,763.8615112,761.3748779,855.649353,832.1196899,358.666626,196.7294922,431.9438477,270.0829468
Ashland Watershed,AW,A43,AML02,Cool,1031520.125,1566,White fir - Intermediate,Mid Slope,432.3999939,394.7000122,60.26449966,419.019989,552,68.77165222,-122.6719733,42.1216339,353.4994812,545.2919922,376.994873,545.6433105,675.9234009,702.3103638,763.1182251,768.649353,322.4239502,157.0184174,386.1233826,223.0060425
Ashland Watershed,AW,A09,PB04,Cool,1007686.938,946,White fir - Intermediate,Bottom Slope,486.7999878,449.5,56.52654266,623.5200195,724,64.15689087,-122.7115691,42.16080342,373.8280334,570.835144,382.1497498,565.392334,712.414978,820.6826782,786.2976074,890.1190796,338.5869446,249.8475189,404.1478882,324.7267456
Ashland Watershed,AW,A25,PRH03,Warm,1391317.375,1260,White fir - Intermediate,Ridge Top,481.2999878,429.7999878,62.14145279,552.960022,658,63.54036331,-122.7322256,42.14182078,397.7956543,569.4770508,422.9039001,573.8272705,774.5858154,778.6461182,875.7976685,859.0427856,376.7901917,209.1690826,452.8937378,285.2154846
Ashland Watershed,AW,A44,PMH05,Warm,1266438.5,1236,White fir - Intermediate,Bottom Slope,461.2000122,412.7000122,78.73379517,534.4899902,635,67.94125366,-122.7135443,42.12156363,390.0478821,586.1138306,414.8134766,594.3781738,745.0876465,803.958313,841.7849121,888.3053589,355.0397644,217.8445282,426.971405,293.9271545
Ashland Watershed,AW,A49,AML05,Cool,1105149,1411,White fir - Intermediate,Mid Slope,428,411.1000061,65.67868805,493.9899902,594,63.68709564,-122.6932042,42.11571396,363.7853088,574.3231201,388.3540039,583.2561035,669.6398926,777.6623535,755.0588989,861.1997681,305.8545532,203.3392029,366.704895,277.9436646
Ashland Watershed,AW,A32,ARL05,Warm,1202755.875,1469,White fir - Intermediate,Ridge Top,460.6000061,422.3999939,64.04717255,527.7000122,628,63.06753922,-122.6867929,42.13456594,363.2424011,579.7319336,383.2493286,585.2731323,685.8588867,811.8150635,768.6967163,895.944519,322.6164856,232.0831299,385.4473572,310.6713562
Ashland Watershed,AW,A52,AB04,Cool,809125.1875,1390,White fir - Intermediate,Bottom Slope,485.5,427.5,70.63745117,368.6000061,509,66.73381042,-122.7500131,42.11469519,362.7516785,554.0690308,388.7497253,568.0219116,588.2662964,701.8483276,669.3071289,782.3411865,225.5146332,147.7792816,280.5574036,214.3193054
Ashland Watershed,AW,A48,AML01,Warm,1161998.25,1515,White fir - Intermediate,Ridge Top,461.2000122,409.5,66.45487213,383.5700073,519,64.8144989,-122.7321594,42.11587479,383.8913574,582.8164063,411.0519714,593.0097656,677.3825073,784.9279175,764.1461792,873.2981567,293.4911194,202.1114807,353.0942383,280.2883911
Ashland Watershed,AW,A36,AML03,Warm,1127983.375,1355,White fir - Intermediate,Mid Slope,485.5,449.1000061,66.96782684,466.25,577,70.5819397,-122.7468423,42.1272968,383.7053833,568.8206787,407.8827515,577.3237915,668.5183716,755.8446045,750.8137817,838.7875977,284.8129578,187.0239258,342.9310608,261.4638062
Ashland Watershed,AW,A35,AB03,Cool,947592.3125,1211,White fir - Intermediate,Bottom Slope,450.7999878,421.8999939,66.35879517,544.7199707,640,67.35060883,-122.693913,42.12773938,382.5384521,585.722168,399.9683533,590.2138062,709.5319214,805.918396,793.171875,884.9141235,326.9934998,220.1962128,393.2034912,294.7002869
Ashland Watershed,AW,A47,ARL02,Cool,1104020.5,1467,White fir - Intermediate,Ridge Top,476.6000061,430.1000061,67.54916382,477.4700012,575,65.68149567,-122.7303606,42.11824175,378.6541443,559.7060547,400.9506836,569.7723999,668.8186035,739.710083,748.8148193,823.1960449,290.1644592,180.0039825,347.8641663,253.4236908
Ashland Watershed,AW,A53,ARL04,Warm,1191939.875,1333,White fir - Intermediate,Mid Slope,453.3999939,416.3999939,74.93624115,514.4699707,605,70.30000305,-122.6997884,42.11383174,362.2539368,568.3822021,401.9842224,578.546936,689.0740967,758.0482788,792.484436,839.1594238,326.8201599,189.6661072,390.5002136,260.6124573
Ashland Watershed,AW,A31,PML05,Cool,1092752.625,1310,White fir - Intermediate,Ridge Top,466.3999939,431.2999878,58.99499893,539.0599976,632,61.47046661,-122.6732798,42.13534626,364.5339966,575.4157715,383.6208191,577.442749,681.7642212,810.3441772,761.7374268,888.3959351,317.2302246,234.9283752,378.1166382,310.953186
Ashland Watershed,AW,A45,ARH05,Warm,1347212.5,1693,White fir - Intermediate,Ridge Top,432.3999939,394.7000122,60.26449966,419.019989,552,68.77165222,-122.6733513,42.11982532,339.1328125,558.9187012,370.1610413,563.3478394,677.2561035,731.4862671,771.0992432,806.7363892,338.123291,172.5675201,400.9382019,243.3885498
Ashland Watershed,AW,A39,ARH03,Warm,1439589.125,1407,White fir - Intermediate,Ridge Top,473.6000061,424.7999878,69.48064423,537.6599731,640,68.24973297,-122.7408535,42.12592021,370.632019,559.2147827,439.4116211,566.6430054,717.7390137,747.9710083,852.050293,830.5001831,347.1069946,188.7562256,412.6386414,263.8571472
Ashland Watershed,AW,A42,PML02,Cool,1107916.75,1252,White fir - Intermediate,Mid Slope,476.6000061,430.1000061,67.54916382,477.4700012,575,65.68149567,-122.7321,42.12216744,378.1763916,577.3825684,394.3985901,585.3597412,631.7700806,785.5917969,700.9356689,869.9315186,253.593689,208.2092285,306.5370483,284.5717773
Ashland Watershed,AW,A40,AB02,Warm,1138345.625,1164,White fir - Intermediate,Bottom Slope,511.5,447.2000122,63.16296387,469.269989,585,72.63942719,-122.7365528,42.12282792,392.2009277,546.1602173,425.7111816,550.9462891,678.8389893,688.6797485,768.9706421,756.3625488,286.638092,142.5195313,343.2594604,205.4162445
Ashland Watershed,AW,A51,ARL03,Cool,1074891.375,1353,White fir - Intermediate,Mid Slope,467.1000061,417,74.97599792,385.5,518,69.02972412,-122.7413293,42.11504877,386.2383423,571.3151855,402.3910522,583.3186646,631.8591919,754.8199463,701.9350586,840.2390137,245.6208344,183.504776,299.5440063,256.9203186
Ashland Watershed,AW,A38,PRL05,Warm,1181808.5,1258,White fir - Intermediate,Ridge Top,474.1000061,438.3999939,69.16964722,555.8200073,656,68.3132019,-122.7274386,42.12662162,363.3696594,562.3416748,403.4527588,569.7069092,668.097229,756.5336914,763.7670898,837.1224976,304.7275696,194.1920319,360.3143311,267.4156494
Ashland Watershed,AW,A55,AB05,Cool,841350.25,1395,White fir - Intermediate,Bottom Slope,467.1000061,417,74.97599792,385.5,518,69.02972412,-122.7422043,42.11174139,377.5254822,576.1972656,397.2331238,584.1531982,586.7202148,744.734436,659.1646118,824.1904907,209.1947479,168.5371857,261.9315186,240.0373077
Big Butte Creek,BB,BA,MBB,Cool,1127968.5,708,Douglas-fir - Dry,Mid Slope,528.5,479.7999878,70.54048157,604.1900024,705,78.55770111,-122.6833813,42.55881431,398.9198608,565.9969482,415.2694092,557.7977295,694.4736938,783.4641113,765.0122681,850.913269,295.5538025,217.4671783,349.7428284,293.1155396
Big Butte Creek,BB,B01,BB01,Warm,1170325.875,671,Douglas-fir - Dry,Mid Slope,529.5999756,479.2000122,68.92430878,636,725,80.4043045,-122.686348,42.56004422,398.0499573,563.5892944,420.653717,555.9932861,706.6082764,779.5212402,782.1784058,846.4605713,308.5583191,215.9319611,361.5247192,290.4672852
Big Butte Creek,BB,B10,BB10,Cool,1092673,758,Douglas-fir - Dry,Mid Slope,533.5999756,470.3999939,75.02426147,528.0599976,654,76.19386292,-122.6864111,42.55383167,407.5018921,561.2987061,417.0425415,554.9498291,693.546814,759.4266357,756.8337402,825.2976074,286.0448914,198.1279449,339.7911987,270.3477783
Big Butte Creek,BB,B06,BB06,Warm,1196786.375,714,Douglas-fir - Dry,Mid Slope,525.2999878,462.2000122,72.66333008,512.3599854,642,72.38818359,-122.6855042,42.55662845,392.1529541,569.2559204,410.081604,562.8256836,702.2855225,777.1664429,775.6502686,844.3292236,310.1325684,207.9105072,365.5686951,281.5035095
Big Butte Creek,BB,B08,BB08,Warm,1154701.75,747,Douglas-fir - Dry,Mid Slope,525.2999878,462.2000122,72.66333008,512.3599854,642,72.38818359,-122.6834103,42.55516237,402.5211487,572.9133301,420.0819092,566.3046265,703.2530518,781.9674683,775.4765625,849.9423218,300.7319031,209.0541382,355.3946533,283.6376953
Big Butte Creek,BB,B03,BB03,Warm,1187062.75,693,Douglas-fir - Dry,Mid Slope,528.5,479.7999878,70.54048157,604.1900024,705,78.55770111,-122.6846628,42.55834438,399.2011719,566.0836792,419.7868042,558.6602783,699.5506592,780.5373535,774.3571777,847.9597778,300.3494873,214.4536896,354.5704041,289.299469
Big Butte Creek,BB,B03,BB03,Warm,1187062.75,693,Douglas-fir - Dry,Mid Slope,528.5,479.7999878,70.54048157,604.1900024,705,78.55770111,-122.6846628,42.55834438,399.2011719,566.0836792,419.7868042,558.6602783,699.5506592,780.5373535,774.3571777,847.9597778,300.3494873,214.4536896,354.5704041,289.299469
Big Butte Creek,BB,B09,BB09,Warm,1139190,761,Douglas-fir - Dry,Mid Slope,525.2999878,462.2000122,72.66333008,512.3599854,642,72.38818359,-122.6826363,42.55443426,406.8084106,571.4983521,417.0541687,565.0900269,696.7174072,779.1820679,762.3511353,847.2684326,289.9089966,207.6837158,345.296936,282.1784668
Big Butte Creek,BB,B05,BB05,Warm,1165521.625,708,Douglas-fir - Dry,Mid Slope,525.2999878,462.2000122,72.66333008,512.3599854,642,72.38818359,-122.6853643,42.55745741,393.7720337,568.1401978,414.2802124,560.8670654,703.670166,781.4118042,779.6017456,848.9472656,309.8981323,213.2715759,365.3215027,288.0801392
Big Butte Creek,BB,B04,BB04,Cool,1112929.875,728,Douglas-fir - Dry,Mid Slope,528.5,479.7999878,70.54048157,604.1900024,705,78.55770111,-122.6829231,42.55835614,399.1831055,565.1154785,417.8543091,556.6990356,697.9879761,783.6207886,771.527771,851.2931519,298.8048706,218.5053101,353.6734619,294.5941162
Big Butte Creek,BB,B02,BB02,Cool,1086339.875,656,Douglas-fir - Dry,Mid Slope,529.5999756,479.2000122,68.92430878,636,725,80.4043045,-122.6899468,42.55889004,397.0725403,563.6491699,410.8362427,557.4243774,691.9091797,770.0594482,756.7441406,836.0653687,294.8366394,206.4102936,345.9078979,278.6410217
Big Butte Creek,BB,B07,BB07,Warm,1187237.875,726,Douglas-fir - Dry,Mid Slope,525.2999878,462.2000122,72.66333008,512.3599854,642,72.38818359,-122.6847798,42.55574973,408.8524475,571.0048828,422.7645264,564.581543,696.1932983,779.1338501,764.6168823,846.7063599,287.3408508,208.1290131,341.852356,282.1248474
Boaz Gulch,BO,Z01,BoazPML01,Cool,1022257.063,1024,Douglas-fir - Dry,Ridge Top,538.5999756,469.2999878,68.95513153,650.9199829,774,75.03753662,-123.0159922,42.16366909,381.750061,531.3856201,386.7237549,520.12854,739.0673828,774.3864136,807.7915649,832.6629639,357.3173523,243.0007477,421.0678101,312.5344238
Boaz Gulch,BO,Z02,BoazPRH01,Warm,1196072.75,1035,Douglas-fir - Dry,Ridge Top,538.5999756,469.2999878,68.95513153,650.9199829,774,75.03753662,-123.0157286,42.16249152,386.0003967,547.3673706,389.2773438,535.7859497,734.414856,812.4047852,801.2492065,873.822876,348.4144592,265.0374146,411.9718628,338.0369263
Boaz Gulch,BO,Z03,BoazPRL01,Cool,1004773.563,1053,Douglas-fir - Dry,Ridge Top,538.5999756,469.2999878,68.95513153,650.9199829,774,75.03753662,-123.0149263,42.16044334,379.3658142,547.8236084,384.0576782,535.9468994,709.9259644,811.6622314,776.0203857,873.1244507,330.5601501,263.8385925,391.9627075,337.1775513
Briggs Secret,BS,R08,BS08,Cool,913718.9375,902,Tan oak - Douglas-fir - Dry,Ridge Top,518,492.6000061,73.42914581,579.8599854,668,82.40145111,-123.6764377,42.43472453,422.1544495,586.3300171,411.9753418,581.8825684,670.3018799,786.1262207,709.3135986,851.5159302,248.1474457,199.7962036,297.3382874,269.6333313
Briggs Secret,BS,R09,BS09,Warm,1230184.875,961,Tan oak - Douglas-fir - Dry,Ridge Top,518,492.6000061,73.42914581,579.8599854,668,82.40145111,-123.675542,42.43380547,442.8407288,599.0888672,431.9822693,592.8018799,750.7299805,812.644043,795.1070557,879.3444214,307.8892822,213.555191,363.1248169,286.542511
Briggs Secret,BS,R10,BS10,Warm,1403772,922,Tan oak - Douglas-fir - Dry,Ridge Top,544.9000244,515.0999756,72.62981415,615.8499756,703,85.2071228,-123.6748185,42.43194976,468.8345032,584.3374023,462.0410461,579.8821411,814.7317505,784.3067017,864.9118652,849.7590942,345.8972778,199.9693146,402.8708496,269.8769531
Briggs Secret,BS,R01,BS01,Warm,1322780.25,899,Tan oak - Douglas-fir - Dry,Ridge Top,544.9000244,515.0999756,72.62981415,615.8499756,703,85.2071228,-123.6769353,42.43214797,454.7611084,605.2762451,445.8579407,597.3275146,775.6314697,820.3943481,822.6585693,885.3405762,320.8703308,215.118103,376.8006287,288.013092
Briggs Secret,BS,R02,BS02,Warm,1191566.375,888,Tan oak - Douglas-fir - Dry,Ridge Top,518,492.6000061,73.42914581,579.8599854,668,82.40145111,-123.6775075,42.4331262,453.7459717,609.5862427,444.7816162,599.9384766,764.0609131,824.4927368,809.9503784,888.0654297,310.3149719,214.9065094,365.1687927,288.1269836
Briggs Secret,BS,R03,BS03,Warm,1353783.375,927,Tan oak - Douglas-fir - Dry,Ridge Top,518,492.6000061,73.42914581,579.8599854,668,82.40145111,-123.6723323,42.43421416,451.7512817,545.1030884,444.0831604,540.9155884,795.1100464,697.0579224,843.3292236,753.7904663,343.3587952,151.9548492,399.2460632,212.8749084
Briggs Secret,BS,R04,BS04,Cool,845141.375,852,Tan oak - Douglas-fir - Dry,Mid Slope,518,492.6000061,73.42914581,579.8599854,668,82.40145111,-123.6755733,42.43583192,412.7371216,582.925293,401.4648132,577.0970459,627.9093628,769.567688,662.0891724,830.2166138,215.172226,186.642395,260.6243896,253.1195679
Briggs Secret,BS,R05,BS05,Cool,888113.125,790,Tan oak - Douglas-fir - Dry,Mid Slope,513.4000244,493,69.28780365,597.5599976,685,83.7109375,-123.6778128,42.43600189,420.2208862,583.2623901,410.7173462,579.9439697,660.1121826,770.5577393,696.7946167,832.7692871,239.8912811,187.2953796,286.0772705,252.8252869
Briggs Secret,BS,R06,BS06,Warm,1194814.375,954,Tan oak - Douglas-fir - Dry,Ridge Top,518,492.6000061,73.42914581,579.8599854,668,82.40145111,-123.6701877,42.43610287,426.0764771,585.505249,417.1731262,582.3408203,707.0444946,785.4139404,749.1952515,851.5752563,280.9680481,199.9086609,332.0220947,269.2344055
Briggs Secret,BS,R07,BS07,Cool,981945.5625,680,Tan oak - Douglas-fir - Dry,Mid Slope,513.4000244,493,69.28780365,597.5599976,685,83.7109375,-123.6818296,42.43673151,440.7592468,592.5476074,432.2038879,591.0829468,729.1472168,787.8171387,771.0237427,852.7696533,288.3880005,195.2695313,338.8198242,261.6867371
Elder Creek,ED,E10,HC10,Warm,1403170.375,930,Douglas-fir - Dry,Mid Slope,592.7000122,555.5999756,93.33616638,626.6699829,718,90.3380127,-123.5685262,42.05810828,496.8969421,614.7392578,485.532074,608.1280518,826.0626831,835.0085449,877.2789917,899.7571411,329.1657715,220.2693329,391.7468872,291.6291199
Elder Creek,ED,E08,HC08,Warm,1404081,958,Jeffrey pine,Ridge Top,609.9000244,577.2999878,84.44412231,632.0299683,730,93.67359161,-123.5657292,42.05529985,507.1052551,621.7318115,495.197876,613.5025635,828.8327026,855.4744873,880.1452637,920.5014648,321.7274475,233.742691,384.9473877,306.9988708
Elder Creek,ED,E09,HC09,Warm,1203614.5,967,Jeffrey pine,Mid Slope,609.9000244,577.2999878,84.44412231,632.0299683,730,93.67359161,-123.5664351,42.05668131,468.8790283,625.9406738,467.560791,617.1109619,762.553833,849.6160278,821.6765747,912.9125366,293.6748047,223.6753387,354.1157532,295.8015747
Elder Creek,ED,E01,HC01,Warm,1373326.375,799,Jeffrey pine,Mid Slope,609.9000244,577.2999878,84.44412231,632.0299683,730,93.67359161,-123.5689669,42.05222884,501.6542969,603.7830811,491.3199158,600.119751,824.1871948,825.3792114,875.055603,890.9419556,322.5328979,221.5961304,383.7357178,290.8221741
Elder Creek,ED,E02,HC02,Warm,1311220.875,856,Jeffrey pine,Mid Slope,609.9000244,577.2999878,84.44412231,632.0299683,730,93.67359161,-123.5671281,42.05346099,498.7615356,613.1612549,488.973938,607.1300049,822.3004761,843.9820557,873.1708374,909.520752,323.5389709,230.8207703,384.1968689,302.3908081
Elder Creek,ED,E03,HC03,Warm,1382142.5,895,Jeffrey pine,Mid Slope,609.9000244,577.2999878,84.44412231,632.0299683,730,93.67359161,-123.5643754,42.05365253,495.3445129,606.9674072,484.7048035,603.7548828,814.5368042,823.3734741,864.6870728,889.7092285,319.1922913,216.4060059,379.9822693,285.9543457
Elder Creek,ED,E04,HC04,Warm,1352875,995,Jeffrey pine,Ridge Top,609.9000244,577.2999878,84.44412231,632.0299683,730,93.67359161,-123.5649881,42.05665276,488.1368408,628.637146,478.9416809,619.7287598,793.4208984,859.4811401,846.0441895,924.2359009,305.2840576,230.8439789,367.102478,304.5071716
Elder Creek,ED,E05,HC05,Warm,1370669.875,1047,Jeffrey pine,Mid Slope,566.7000122,531.0999756,94.45681763,581.8900146,673,88.67784119,-123.5606562,42.05830841,505.2112122,599.2823486,493.3211365,598.4690552,827.5099487,802.838562,878.5049438,871.1382446,322.2987366,203.5562286,385.1837769,272.6691589
Elder Creek,ED,E06,HC06,Warm,1394763.125,996,Jeffrey pine,Mid Slope,592.7000122,555.5999756,93.33616638,626.6699829,718,90.3380127,-123.5659984,42.05886832,494.8564148,623.5368042,482.6456299,616.3273926,820.06604,850.7872925,870.7666626,916.0323486,325.2096252,227.2504883,388.1210327,299.704895
Elder Creek,ED,E07,HC07,Warm,1404855.375,980,Jeffrey pine,Ridge Top,592.7000122,555.5999756,93.33616638,626.6699829,718,90.3380127,-123.5689867,42.05911542,499.3210144,620.2565918,486.751709,611.4708862,828.9690552,851.1199341,880.5883789,915.7727051,329.6480408,230.8633728,393.8366394,304.3018494
Elliott Ridge,ET,L08,SquawPRH02,Warm,1531068.5,1480,Ponderosa pine - Dry,Ridge Top,525.7000122,465.1000061,75.73829651,567.2099609,696,73.63526154,-123.0264792,42.01403941,426.973938,572.4198608,470.0321045,570.453125,808.8383789,811.9590454,921.7579346,884.3427734,381.8644409,239.5391235,451.7258606,313.8896484
Elliott Ridge,ET,L09,SquawPMH01,Warm,1510807.75,1477,Ponderosa pine - Dry,Ridge Top,522.2000122,465.7999878,75.23004913,577.4500122,712,74.81064606,-123.0285089,42.01423926,433.9899597,576.1690674,469.7890015,572.7270508,815.4882202,819.0371704,920.7902222,890.3250732,381.49823,242.8680725,451.0012207,317.5980225
Elliott Ridge,ET,L10,SquawPRH01,Warm,1525619.875,1458,Ponderosa pine - Dry,Ridge Top,522.2000122,465.7999878,75.23004913,577.4500122,712,74.81064606,-123.0311225,42.01390889,458.4941406,570.0664063,470.9119873,566.1711426,836.012146,809.0852051,919.967041,879.2597046,377.5180054,239.0187836,449.0550842,313.088562
Elliott Ridge,ET,L01,SL01,Warm,1437220.75,1313,Ponderosa pine - Dry,Mid Slope,525.7000122,465.1000061,75.73829651,567.2099609,696,73.63526154,-123.0207634,42.01069291,419.2700806,583.5952148,460.3284607,581.1142578,786.6503906,828.6831665,895.7443237,899.1495972,367.3803406,245.0879059,435.415863,318.0352783
Elliott Ridge,ET,L02,SL02,Warm,1452497.875,1334,Ponderosa pine - Dry,Mid Slope,525.7000122,465.1000061,75.73829651,567.2099609,696,73.63526154,-123.0216928,42.01134572,420.5718689,584.7819824,449.020813,580.7286987,804.0672607,831.2625122,904.248291,900.4615479,383.4954224,246.4805756,455.227478,319.7328186
Elliott Ridge,ET,L03,SL03,Warm,1441828.25,1305,Ponderosa pine - Dry,Mid Slope,522.2000122,465.7999878,75.23004913,577.4500122,712,74.81064606,-123.0341537,42.01172189,447.8518066,571.1062012,456.9353638,568.2941284,831.168457,818.3572388,913.9621582,888.1950684,383.3166504,247.2510529,457.0267639,319.9009705
Elliott Ridge,ET,L04,SL04,Warm,1501024.625,1360,Ponderosa pine - Dry,Mid Slope,522.2000122,465.7999878,75.23004913,577.4500122,712,74.81064606,-123.0321012,42.01231212,470.7588501,570.5622559,458.5140076,567.270813,853.0351563,810.1430664,912.8147583,879.3225098,382.2763062,239.5807648,454.3007507,312.0516663
Elliott Ridge,ET,L05,SL05,Warm,1498318.5,1407,Ponderosa pine - Dry,Mid Slope,484.2999878,435.1000061,71.54641724,517.5300293,638,66.85734558,-123.0191974,42.01237053,428.118042,582.3015137,468.645813,580.2835693,797.3572388,820.2243042,908.4680786,891.7263184,369.2391968,237.9227905,439.8222961,311.4428101
Elliott Ridge,ET,L06,SL06,Warm,1414166.875,1425,Ponderosa pine - Dry,Mid Slope,484.2999878,435.1000061,71.54641724,517.5300293,638,66.85734558,-123.0180295,42.01239272,425.9484863,589.5482788,468.3134155,587.6280518,794.1055908,833.1954956,905.0859375,905.5093384,368.157135,243.6472168,436.772522,317.8812561
Elliott Ridge,ET,L07,SL07,Warm,1407186.25,1465,Ponderosa pine - Dry,Ridge Top,525.7000122,465.1000061,75.73829651,567.2099609,696,73.63526154,-123.0217861,42.01426358,425.0367126,582.760498,468.2220764,580.210144,794.748291,828.1624146,906.1803589,900.5644531,369.7115479,245.401947,437.9582825,320.3543396
Emigrant Creek,EM,M02,EM02,Warm,1139934.875,1147,Douglas-fir - Dry,Ridge Top,455,423.6000061,58.8255043,634.25,723,65.759552,-122.5474203,42.08978134,389.6131592,531.2927856,394.4304199,534.8070068,692.1342773,745.6397705,755.1484375,815.5333252,302.5211182,214.3469849,360.7180176,280.7263489
Emigrant Creek,EM,M04,EM04,Cool,1088779.375,1067,Douglas-fir - Dry,Mid Slope,455,423.6000061,58.8255043,634.25,723,65.759552,-122.5447846,42.09060019,389.8931274,525.9230957,389.615448,529.2383423,696.1882935,740.1641235,757.1585083,808.9869995,306.295166,214.2410126,367.5430298,279.7486267
Emigrant Creek,EM,M06,EM06,Warm,1132866.125,1044,Douglas-fir - Dry,Mid Slope,456.1000061,421.7000122,53.95748138,670.3800049,755,62.72679138,-122.5421468,42.08904553,383.0694885,523.4424438,386.4725342,527.072876,722.0723877,744.4405518,795.668396,813.9190674,339.0028992,220.9980774,409.1958618,286.8461609
Emigrant Creek,EM,M05,EM05,Cool,1055843.875,1018,Douglas-fir - Dry,Mid Slope,456.1000061,421.7000122,53.95748138,670.3800049,755,62.72679138,-122.5427081,42.09107806,382.5324707,524.0878296,386.0435791,528.3005371,708.0134277,742.932251,775.0377808,812.1763306,325.4809875,218.8444366,388.9942017,283.8757935
Emigrant Creek,EM,M09,EM09,Cool,1105305.125,956,Douglas-fir - Dry,Mid Slope,456.1000061,421.7000122,53.95748138,670.3800049,755,62.72679138,-122.5382178,42.09085991,375.401001,519.9403076,379.455658,524.4846191,710.9051514,746.8684692,781.3812866,816.6225586,335.5041809,226.9281616,401.9256592,292.1379089
Emigrant Creek,EM,M08,EM08,Warm,1195016.25,1030,Douglas-fir - Dry,Mid Slope,456.1000061,421.7000122,53.95748138,670.3800049,755,62.72679138,-122.5402336,42.08816571,380.5060425,520.875,386.3591614,523.9803467,721.5297852,742.0987549,795.020874,810.7324829,341.0237427,221.2237244,408.6617126,286.7521667
Emigrant Creek,EM,M07,EM07,Warm,1178808.625,1019,Douglas-fir - Dry,Mid Slope,456.1000061,421.7000122,53.95748138,670.3800049,755,62.72679138,-122.5417726,42.09035943,378.9230347,521.7174072,384.4750366,524.7689819,715.3317261,737.7954102,787.1854248,805.5383911,336.4086609,216.0780029,402.7104187,280.7693787
Emigrant Creek,EM,M10,EM10,Warm,1206489.75,947,Douglas-fir - Dry,Mid Slope,456.1000061,421.7000122,53.95748138,670.3800049,755,62.72679138,-122.5365195,42.08946617,370.1281738,520.3170776,377.3124695,525.3752441,723.1563721,749.1409912,798.5090332,819.2528076,353.0281982,228.8238831,421.1965332,293.8776245
Emigrant Creek,EM,MA,MEM,Cool,1111147.75,1108,Oregon white oak,Mid Slope,455,423.6000061,58.8255043,634.25,723,65.759552,-122.5459989,42.08990537,387.0151062,528.5504761,390.2119751,530.2426758,705.3407593,735.6539917,770.2462769,802.6619873,318.3256531,207.1035461,380.0343018,272.4193115
Emigrant Creek,EM,M01,EM01,Warm,1258743.625,1176,White fir - Intermediate,Mid Slope,455,423.6000061,58.8255043,634.25,723,65.759552,-122.5476813,42.08816671,389.6036072,534.4470215,395.512146,537.3798828,734.9556274,746.1009521,809.5957031,815.3626099,345.3519897,211.6539459,414.0835266,277.9826965
Emigrant Creek,EM,M03,EM03,Warm,1231680.375,1140,White fir - Intermediate,Mid Slope,455,423.6000061,58.8255043,634.25,723,65.759552,-122.5460469,42.0885606,383.1388245,530.2879639,390.2066345,531.6438599,729.1253052,735.9152222,804.144043,802.5176392,345.9865112,205.627243,413.9373779,270.8737793
Evans Creek,EV,V01,MC01,Cool,1048722.75,942,Douglas-fir - Dry,Ridge Top,495.1000061,467.2000122,66.33822632,542.1500244,625,70.44264221,-122.9748303,42.65074138,390.9163513,534.6433716,395.8571167,524.9746704,674.7802734,708.284668,732.8964233,765.5877686,283.8639221,173.6413422,337.0393372,240.6130829
Evans Creek,EV,V02,MC02,Warm,1188335.875,916,Douglas-fir - Dry,Ridge Top,495.1000061,467.2000122,66.33822632,542.1500244,625,70.44264221,-122.9738103,42.65064552,387.598938,517.8814087,401.9988708,507.1329956,695.7716064,665.1044312,764.6714478,715.7889404,308.1726379,147.223053,362.6725769,208.6559296
Evans Creek,EV,V03,MC03,Warm,1212809.125,829,Douglas-fir - Dry,Mid Slope,495.1000061,467.2000122,66.33822632,542.1500244,625,70.44264221,-122.9719058,42.65046027,401.6610718,506.1401672,407.839447,496.6821899,741.333313,638.1963501,811.4359741,685.6126709,339.6722107,132.0561523,403.5965576,188.930481
Evans Creek,EV,V07,MC07,Warm,1243669.875,928,Douglas-fir - Dry,Ridge Top,497,464.7000122,66.8970108,544.2600098,627,71.17953491,-122.9729482,42.6458659,402.3842468,530.5145264,412.0697937,522.395874,743.1015015,690.2018433,815.4486084,746.0604248,340.7172546,159.6872864,403.3787842,223.664566
Evans Creek,EV,V05,MC05,Cool,1042004.938,805,Douglas-fir - Dry,Mid Slope,497,464.7000122,66.8970108,544.2600098,627,71.17953491,-122.9705901,42.64815278,392.4697876,506.2766724,398.1668396,496.2576904,702.5223389,643.0535278,765.9046021,690.5645142,310.0525208,136.7768555,367.7377625,194.306839
Evans Creek,EV,V06,MC06,Warm,1370136.875,988,Douglas-fir - Dry,Ridge Top,497,464.7000122,66.8970108,544.2600098,627,71.17953491,-122.9743357,42.64636766,409.9215393,541.1112061,421.269043,533.0366821,756.4700317,717.5877686,831.9730225,777.2045288,346.5484924,176.4765625,410.703949,244.1678619
Evans Creek,EV,V06,MC06,Warm,1370136.875,988,Douglas-fir - Dry,Ridge Top,497,464.7000122,66.8970108,544.2600098,627,71.17953491,-122.9743357,42.64636766,409.9215393,541.1112061,421.269043,533.0366821,756.4700317,717.5877686,831.9730225,777.2045288,346.5484924,176.4765625,410.703949,244.1678619
Evans Creek,EV,V09,MC09,Warm,1356551.25,878,Douglas-fir - Dry,Ridge Top,497,464.7000122,66.8970108,544.2600098,627,71.17953491,-122.9723197,42.64423118,407.1253967,527.5801392,411.8635559,520.4620972,764.4245605,677.5838013,838.0532227,731.0177002,357.2991333,150.0036316,426.1896362,210.555603
Evans Creek,EV,V10,MC10,Warm,1338952.5,900,Douglas-fir - Dry,Mid Slope,497,464.7000122,66.8970108,544.2600098,627,71.17953491,-122.9747161,42.6436099,411.0799866,528.2408447,417.0774536,520.9237671,762.6459351,675.4818115,837.3970947,728.8553467,351.565918,147.2409363,420.3196411,207.9315948
Evans Creek,EV,VA,MEV,Warm,1266381.625,950,White fir - Intermediate,Ridge Top,497,464.7000122,66.8970108,544.2600098,627,71.17953491,-122.9734271,42.64630322,409.9215393,529.6010132,421.269043,520.2682495,756.4700317,692.4706421,831.9730225,748.0019531,346.5484924,162.8696289,410.703949,227.7336884
Evans Creek,EV,V04,MC04,Cool,914412.1875,887,White fir - Intermediate,Mid Slope,497,464.7000122,66.8970108,544.2600098,627,71.17953491,-122.9732342,42.64865244,387.007019,516.9327393,398.3909607,506.3118286,684.5696411,661.4052124,749.53125,711.7702637,297.5626221,144.4724731,351.1402588,205.4584656
Evans Creek,EV,V08,MC08,Warm,1407036.25,949,White fir - Intermediate,Mid Slope,497,464.7000122,66.8970108,544.2600098,627,71.17953491,-122.9747483,42.64524517,417.3986816,537.9246826,422.8115234,530.6445313,772.3369141,703.7320557,846.3950195,761.8196411,354.9382324,165.807373,423.5834656,231.1750641
Grayback,GB,G01,GB01,Warm,1374851.125,784,,Mid Slope,575.4000244,557.2000122,84.46750641,630.3300171,717,95.64592743,-123.4509953,42.14706975,480.2882385,567.8239746,473.8320923,570.9308472,801.9207153,775.6777344,858.1868896,839.9691772,321.6325073,207.8537598,384.3548279,269.0383606
Grayback,GB,G02,GB02,Warm,1365469.25,738,,Mid Slope,575.4000244,557.2000122,84.46750641,630.3300171,717,95.64592743,-123.4525565,42.14537871,484.0918884,567.7767944,472.5822754,570.1364136,807.6486816,783.1905518,857.6621094,847.1220093,323.5567932,215.4137726,385.0798645,276.9855652
Grayback,GB,G03,GB03,Warm,1368490.75,675,,Ridge Top,559.0999756,544.0999756,79.72885132,638.7800293,725,96.72249603,-123.4576523,42.14300904,468.5430908,568.4976196,457.5201111,567.4347534,799.2854004,803.446167,849.1655273,866.4261475,330.7422791,234.9485626,391.6454468,298.991394
Grayback,GB,G04,GB04,Warm,1377836.875,768,,Mid Slope,575.4000244,557.2000122,84.46750641,630.3300171,717,95.64592743,-123.451936,42.14631206,482.0560303,566.5200806,471.4074402,569.2766113,806.6259155,776.0455322,858.6453247,839.9439697,324.5698853,209.5254974,387.2378845,270.6673584
Grayback,GB,G05,GB05,Warm,1351937.625,627,,Mid Slope,559.0999756,544.0999756,79.72885132,638.7800293,725,96.72249603,-123.4579235,42.14233143,467.5387268,567.4713745,456.6669006,566.3829956,796.9871216,803.7055664,846.7183838,865.8041382,329.4483948,236.2341766,390.0515137,299.4210815
Grayback,GB,G06,GB06,Warm,1365462,672,,Ridge Top,559.0999756,544.0999756,79.72885132,638.7800293,725,96.72249603,-123.4562607,42.14282832,475.2095642,552.6054688,464.2315063,554.4881592,803.7354736,757.6785278,853.68396,818.7080688,328.5259094,205.0730591,389.4524536,264.2199097
Grayback,GB,G07,GB07,Warm,1382572.375,714,,Ridge Top,559.0999756,544.0999756,79.72885132,638.7800293,725,96.72249603,-123.455985,42.14360148,457.160614,557.6697998,454.753479,559.0415649,792.0249634,771.7915039,851.2781982,834.427002,334.8643799,214.1216583,396.5247192,275.385376
Grayback,GB,G08,GB08,Warm,1365764.25,740,,Mid Slope,575.4000244,557.2000122,84.46750641,630.3300171,717,95.64592743,-123.4507507,42.14582588,486.9793396,562.0274658,475.7000732,565.2709351,807.4484253,765.5350342,857.3284302,828.7855225,320.4691162,203.5075836,381.6283569,263.5145874
Grayback,GB,G09,GB09,Warm,1158818.375,667,,Ridge Top,559.0999756,544.0999756,79.72885132,638.7800293,725,96.72249603,-123.4589105,42.14361072,428.8997498,581.7516479,440.7913513,577.3632813,727.5484009,823.145752,797.2597046,883.1314697,298.6486206,241.3940887,356.4683533,305.7681885
Grayback,GB,G10,GB10,Warm,1356271.75,635,,Mid Slope,559.0999756,544.0999756,79.72885132,638.7800293,725,96.72249603,-123.45453,42.14234104,478.3475037,551.9105835,467.984375,554.1369019,800.6377563,751.5685425,850.8731689,812.0325928,322.2902832,199.657959,382.8887634,257.8956909
Star Gulch,ST,S08,StarA101,Warm,1434627.5,1164,Douglas-fir - Dry,Ridge Top,542.2999878,479.7000122,78.3416214,595.4799805,707,79.47045898,-123.1129142,42.14543655,439.3976746,556.0095215,425.9777222,545.9563599,770.2770386,791.6864624,828.1826172,853.4145508,330.8793945,235.6769409,402.2048645,307.4581909
Star Gulch,ST,S09,StarA102,Warm,1446691.75,1108,Douglas-fir - Dry,Ridge Top,542.2999878,479.7000122,78.3416214,595.4799805,707,79.47045898,-123.1110832,42.14472269,453.6063538,534.1206665,434.8840332,523.6593018,820.2947998,735.0764771,874.4737549,790.7156372,366.688446,200.9558563,439.5897522,267.0562744
Star Gulch,ST,S10,StarA103,Warm,1403850.625,1060,Douglas-fir - Dry,Ridge Top,573.0999756,499.6000061,74.21617126,643.2000122,762,77.79972839,-123.109536,42.14417352,439.8733826,532.6697998,421.3839111,523.0065918,776.3693237,732.1246338,826.1470947,787.3973999,336.4959106,199.454834,404.7631836,264.3908081
Star Gulch,ST,S01,SG01,Warm,1401615.875,974,Douglas-fir - Dry,Mid Slope,573.0999756,499.6000061,74.21617126,643.2000122,762,77.79972839,-123.1087749,42.14264481,440.8461914,530.1959229,424.3528137,522.2381592,819.6602173,722.7432251,873.3048706,776.6113281,378.8139954,192.547287,448.9520569,254.3731537
Star Gulch,ST,S02,SG02,Warm,1372036.75,937,Douglas-fir - Dry,Mid Slope,573.0999756,499.6000061,74.21617126,643.2000122,762,77.79972839,-123.1067521,42.14275376,435.646698,523.4887695,421.3027954,515.2162476,807.7753906,706.44104,859.9797974,757.9850464,372.1286926,182.9522858,438.6770325,242.7687836
Star Gulch,ST,S03,SG03,Warm,1442915,1128,Douglas-fir - Dry,Ridge Top,542.2999878,479.7000122,78.3416214,595.4799805,707,79.47045898,-123.1145414,42.14409618,463.0126038,536.1721191,444.816925,526.4335327,824.8742065,721.7098389,879.6414185,776.1443481,361.8616028,185.5377197,434.8244934,249.7108154
Star Gulch,ST,S04,SG04,Cool,958876.375,1150,Douglas-fir - Dry,Ridge Top,542.2999878,479.7000122,78.3416214,595.4799805,707,79.47045898,-123.1138832,42.14644121,425.8447266,563.0648193,416.9950562,551.677002,707.5369263,810.0870972,759.2764282,872.1837158,281.6921997,247.0223236,342.2813721,320.5066833
Star Gulch,ST,S05,SG05,Cool,1024067.25,1062,Douglas-fir - Dry,Bottom Slope,542.2999878,479.7000122,78.3416214,595.4799805,707,79.47045898,-123.117361,42.14680023,421.4226685,561.1713257,416.6452942,550.5818481,706.7771606,787.5953369,764.5639648,846.3182373,285.3544922,226.424057,347.9186707,295.7363892
Star Gulch,ST,S06,SG06,Warm,1209539,1105,Douglas-fir - Dry,Mid Slope,542.2999878,479.7000122,78.3416214,595.4799805,707,79.47045898,-123.1145209,42.14765248,442.1610413,556.8668823,422.9883728,545.5363159,781.1533203,798.475769,834.2163696,859.5299072,338.9922791,241.608902,411.2279968,313.9935608
Star Gulch,ST,S07,SG07,Warm,1144357.75,1101,Douglas-fir - Dry,Ridge Top,542.2999878,479.7000122,78.3416214,595.4799805,707,79.47045898,-123.1144098,42.14894325,409.8825378,556.5917969,404.9030151,544.9346924,675.4119873,800.9227905,725.4977417,862.0269165,265.52948,244.3309784,320.594696,317.0921936
Star Gulch ,ST,SA,MST,Warm,1422983.125,1038,Douglas-fir - Dry,Ridge Top,573.0999756,499.6000061,74.21617126,643.2000122,762,77.79972839,-123.1098846,42.14362235,447.8528748,534.1146851,431.6116638,525.1544189,820.2796631,732.7761841,874.0809937,787.7356567,372.4267883,198.6614532,442.4693298,262.5812073
Taylor Ridge,TY,T08,TR08,Cool,988149.1875,500,Tanoak - Douglas-fir - Dry,Mid Slope,500.3999939,478.2000122,66.98925018,639.4000244,718,80.74121857,-123.6053775,42.55342186,401.8259583,550.5634155,397.4807434,549.8321533,696.4786987,796.8457031,738.7283325,858.8307495,294.65271,246.2823029,341.2475586,308.9986267
Taylor Ridge,TY,T09,TR09,Cool,1027685.688,481,Tanoak - Douglas-fir - Dry,Ridge Top,500.3999939,478.2000122,66.98925018,639.4000244,718,80.74121857,-123.6040232,42.55683529,410.8904419,534.0071411,404.7130432,534.7750854,744.1856079,767.2832642,786.0496216,827.8724365,333.295166,233.2761688,381.3365784,293.0973511
Taylor Ridge,TY,T10,TR10,Warm,1191053.125,480,Tanoak - Douglas-fir - Dry,Ridge Top,500.3999939,478.2000122,66.98925018,639.4000244,718,80.74121857,-123.6026526,42.55741076,404.7097168,511.6695862,398.4224548,510.5932617,738.9293213,709.7379761,780.4451294,762.6862793,334.2196045,198.0684052,382.0227051,252.0930023
Taylor Ridge,TY,T01,TY01,Warm,1128343.125,457,Tanoak - Douglas-fir - Dry,Mid Slope,514.7999878,483.6000061,65.14169312,659.3599854,731,79.69428253,-123.6020485,42.55487108,420.2703552,510.6309204,414.350769,509.7278748,747.394165,698.8831177,790.0380859,750.5189819,327.1237793,188.2522125,375.6872864,240.7911224
Taylor Ridge,TY,T02,TY02,Warm,1176819,451,Tanoak - Douglas-fir - Dry,Ridge Top,514.7999878,483.6000061,65.14169312,659.3599854,731,79.69428253,-123.6014728,42.5561749,417.4479065,503.0042725,411.4354858,502.3690796,755.895874,681.6241455,799.3308716,731.3540649,338.4479675,178.6198578,387.8953857,228.9850006
Taylor Ridge,TY,T03,TY03,Cool,999585.3125,409,Tanoak - Douglas-fir - Dry,Mid Slope,500.3999939,478.2000122,66.98925018,639.4000244,718,80.74121857,-123.60581,42.55675969,405.6112671,547.2322388,401.2798767,546.0782471,672.3579102,793.7931519,711.3258057,853.8279419,266.7466125,246.5608978,310.0458984,307.7496643
Taylor Ridge,TY,T04,TY04,Cool,728634.25,324,Tanoak - Douglas-fir - Dry,Mid Slope,514.7999878,483.6000061,65.14169312,659.3599854,731,79.69428253,-123.5993971,42.55765871,385.698822,486.5811462,381.9685059,486.7552795,653.3234253,658.0998535,692.1396484,705.3934937,267.6246338,171.5187073,310.1711731,218.6381989
Taylor Ridge,TY,T05,TY05,Cool,936109.9375,452,Tanoak - Douglas-fir - Dry,Ridge Top,530.5,509.3999939,67.25057983,722.2600098,784,80.87093353,-123.6035007,42.55854273,393.228363,533.5183105,389.4236755,533.9801636,678.0106201,770.8512573,717.5651855,831.234314,284.7822571,237.3329926,328.14151,297.2541199
Taylor Ridge,TY,T06,TY06,Cool,927144.375,381,Tanoak - Douglas-fir - Dry,Ridge Top,530.5,509.3999939,67.25057983,722.2600098,784,80.87093353,-123.6044081,42.56015199,395.0019836,540.4891357,389.4012756,539.6442871,685.569519,793.989624,724.1693115,853.7533569,290.5675049,253.5005188,334.7680054,314.1090393
Taylor Ridge,TY,T07,TY07,Cool,1016484.188,319,Tanoak - Douglas-fir - Dry,Ridge Top,534.4000244,506,63.56571579,725.3399658,787,80.01891327,-123.6015075,42.56188286,389.6794128,471.2353821,385.2120667,470.8938293,693.760376,624.8165894,734.0027466,668.4088135,304.0809631,153.581192,348.7906799,197.5149841
Trail Creek,TL,CA,MTL,Warm,1185811.25,668,Douglas-fir - Dry,Mid Slope,466.6000061,431.3999939,62.48071671,682.2999878,760,74.69277954,-122.8508153,42.70221438,395.9423523,551.1763916,402.0028381,543.4946899,721.602356,743.5740356,785.8657837,803.9923706,325.6600037,192.3976593,383.8629761,260.4976807
Trail Creek,TL,C11,TC10,Warm,1163660.25,624,Douglas-fir - Dry,Mid Slope,460.2000122,413.8999939,59.93905258,703.5599976,788,71.70846558,-122.8495975,42.69486473,393.2481689,555.3515015,397.1899719,547.8274536,722.2329102,765.4022827,784.5284424,828.4320068,328.9847107,210.0507507,387.338501,280.6045227
Trail Creek,TL,C06,TC06,Cool,1113031.625,654,Douglas-fir - Dry,Mid Slope,466.6000061,431.3999939,62.48071671,682.2999878,760,74.69277954,-122.8494981,42.70085229,396.8755188,549.4085083,402.9517822,541.348938,714.6959839,746.2137451,778.1843262,807.0662231,317.8204956,196.8052368,375.2325134,265.7172852
Trail Creek,TL,C04,TC04,Warm,1201549.25,631,Douglas-fir - Dry,Mid Slope,466.6000061,431.3999939,62.48071671,682.2999878,760,74.69277954,-122.8491527,42.7061059,411.7390137,559.3373413,418.5610046,552.8742676,736.9099731,754.2609863,805.2149048,816.5737305,325.1709595,194.9236603,386.6539001,263.6994934
Trail Creek,TL,C08,TC08,Warm,1356505.875,698,Douglas-fir - Dry,Ridge Top,460.2000122,413.8999939,59.93905258,703.5599976,788,71.70846558,-122.8517355,42.69889297,397.8497925,551.3167725,401.5944824,542.4765625,757.3983154,759.977417,828.2348022,822.7739258,359.5485535,208.6605988,426.6402893,280.2974243
Trail Creek,TL,C07,TC07,Warm,1228137.375,650,Douglas-fir - Dry,Mid Slope,466.6000061,431.3999939,62.48071671,682.2999878,760,74.69277954,-122.8479573,42.69971211,402.7010803,548.0217285,409.0950317,539.3450928,730.2349854,749.2373047,797.2588501,810.319397,327.533905,201.2155457,388.1638184,270.9743347
Trail Creek,TL,C03,TC03,Warm,1265405,648,Douglas-fir - Dry,Mid Slope,478.7000122,446,66.02726746,664.8499756,744,78.27805328,-122.8476482,42.70811478,403.2590027,553.5717163,411.911438,545.8570557,739.8518066,749.8937988,808.9905396,811.5706177,336.5927734,196.3220673,397.0791321,265.713562
Trail Creek,TL,C02,TC02,Warm,1337170.125,673,Douglas-fir - Dry,Mid Slope,478.7000122,446,66.02726746,664.8499756,744,78.27805328,-122.851818,42.708347,400.1796875,562.4863281,406.9885864,555.6972046,750.1234741,765.6638184,820.9107666,829.9179688,349.9438171,203.177536,413.9221802,274.2207642
Trail Creek,TL,C05,TC05,Warm,1247357.875,599,Douglas-fir - Dry,Mid Slope,466.6000061,431.3999939,62.48071671,682.2999878,760,74.69277954,-122.8457945,42.70315378,403.8804932,557.2761841,410.2654114,550.4562378,731.5117188,755.7350464,798.8929443,817.9024658,327.6312256,198.4588318,388.6275024,267.446228
Trail Creek,TL,C09,TC09,Cool,1073920.375,713,Douglas-fir - Dry,Ridge Top,502.3999939,464.7999878,75.8548584,628.7600098,718,81.87236023,-122.8539613,42.7015289,391.9315186,551.5648804,397.5261536,543.0892944,740.0756836,756.0755005,809.4065552,818.6271973,348.144165,204.5106201,411.8804321,275.5379028
Trail Creek,TL,C10,TC09b,Cool,1086468.625,649,Douglas-fir - Dry,Bottom Slope,499.7000122,451.7000122,67.45820618,657.8099976,745,79.35729218,-122.8543098,42.69575249,393.1231384,536.2171631,397.3568115,526.9383545,720.953125,730.578186,784.5512695,789.173584,327.8299561,194.3610077,387.194458,262.2352295
Trail Creek,TL,C01,TC01,Warm,1208588,687,Ponderosa pine - Dry,Mid Slope,521.9000244,484.1000061,75.31593323,611.1400146,699,81.07258606,-122.8547728,42.7078274,400.3154602,557.8056641,406.1099548,550.7406616,730.0891113,749.7479858,795.300354,811.2963867,329.7736511,191.942337,389.1904297,260.5557251
